year	state_key	state_name	total	violent	homicides	DELITOS PATRIMONIALES	DELITOS SEXUALES (VIOLACION)	HOMICIDIOS	LESIONES	OTROS DELITOS	PRIV. DE LA LIBERTAD (SECUESTRO)	ROBO COMUN	ROBO DE GANADO (ABIGEATO)	ROBO EN INSTITUCIONES BANCARIAS	ROBO EN CARRETERAS	no_violent
1997	1	AGUASCALIENTES	9110.0	2308.0	355.0	1330.0	48.0	514.0	1034.0	1255.0	7.0	4922.0	0.0	0.0	0.0	6802.0
1997	2	BAJA CALIFORNIA	148383.0	13840.0	492.0	25807.0	325.0	492.0	14196.0	47230.0	28.0	60300.0	0.0	5.0	0.0	134543.0
1997	3	BAJA CALIFORNIA SUR	13211.0	1785.0	60.0	2568.0	49.0	132.0	1272.0	3671.0	1.0	5509.0	0.0	9.0	0.0	11426.0
1997	4	CAMPECHE	10119.0	2249.0	130.0	1719.0	135.0	263.0	2276.0	2735.0	0.0	2987.0	0.0	4.0	0.0	7870.0
1997	5	COAHUILA	25612.0	6964.0	175.0	3357.0	157.0	435.0	4163.0	7086.0	0.0	10398.0	0.0	16.0	0.0	18648.0
1997	6	COLIMA	14374.0	4211.0	99.0	2149.0	93.0	204.0	1807.0	5475.0	14.0	4626.0	0.0	6.0	0.0	10163.0
1997	7	CHIAPAS	33220.0	9993.0	1357.0	4425.0	422.0	1808.0	5340.0	13632.0	44.0	7513.0	0.0	36.0	0.0	23227.0
1997	8	CHIHUAHUA	74920.0	24664.0	677.0	8954.0	458.0	1718.0	17580.0	16184.0	30.0	29968.0	0.0	28.0	0.0	50256.0
1997	9	CIUDAD DE MEXICO	235659.0	112508.0	977.0	0.0	1448.0	977.0	24292.0	65853.0	22.0	142968.0	0.0	99.0	0.0	123151.0
1997	10	DURANGO	8701.0	1895.0	61.0	2375.0	75.0	161.0	1897.0	2124.0	1.0	2067.0	0.0	1.0	0.0	6806.0
1997	11	GUANAJUATO	42021.0	7065.0	567.0	9326.0	381.0	1516.0	7779.0	6154.0	13.0	16832.0	0.0	20.0	0.0	34956.0
1997	12	GUERRERO	31178.0	15547.0	1273.0	3348.0	484.0	1598.0	4174.0	11538.0	59.0	9970.0	0.0	7.0	0.0	15631.0
1997	13	HIDALGO	21594.0	3495.0	360.0	3207.0	292.0	585.0	4649.0	7272.0	5.0	5584.0	0.0	0.0	0.0	18099.0
1997	14	JALISCO	97423.0	12822.0	600.0	9526.0	514.0	3455.0	14062.0	27280.0	112.0	42419.0	0.0	55.0	0.0	84601.0
1997	15	MEXICO	180811.0	64419.0	3037.0	10974.0	1884.0	6229.0	31398.0	65593.0	36.0	64664.0	0.0	33.0	0.0	116392.0
1997	16	MICHOACAN	34282.0	9898.0	757.0	5018.0	255.0	2047.0	4544.0	11180.0	112.0	11119.0	0.0	7.0	0.0	24384.0
1997	17	MORELOS	25580.0	6455.0	178.0	2963.0	192.0	398.0	3376.0	10195.0	6.0	8439.0	0.0	11.0	0.0	19125.0
1997	18	NAYARIT	8611.0	3937.0	132.0	1271.0	83.0	461.0	1817.0	2312.0	9.0	2658.0	0.0	0.0	0.0	4674.0
1997	19	NUEVO LEON	37582.0	5489.0	163.0	4829.0	118.0	325.0	9070.0	8032.0	5.0	15198.0	0.0	5.0	0.0	32093.0
1997	20	OAXACA	36439.0	5232.0	788.0	7286.0	432.0	1796.0	5903.0	15123.0	69.0	5830.0	0.0	0.0	0.0	31207.0
1997	21	PUEBLA	49216.0	12660.0	729.0	7344.0	570.0	1909.0	10213.0	12633.0	23.0	16503.0	0.0	21.0	0.0	36556.0
1997	22	QUERETARO	22203.0	8886.0	234.0	2856.0	199.0	520.0	3636.0	7075.0	3.0	7908.0	0.0	6.0	0.0	13317.0
1997	23	QUINTANA ROO	19313.0	7777.0	335.0	3659.0	184.0	454.0	2336.0	4861.0	8.0	7806.0	0.0	5.0	0.0	11536.0
1997	24	SAN LUIS POTOSI	31681.0	6647.0	301.0	6782.0	177.0	497.0	6294.0	10223.0	0.0	7707.0	0.0	1.0	0.0	25034.0
1997	25	SINALOA	20291.0	4714.0	669.0	1638.0	151.0	1343.0	2574.0	4521.0	23.0	10026.0	0.0	15.0	0.0	15577.0
1997	26	SONORA	40652.0	14214.0	526.0	5691.0	248.0	1122.0	5770.0	9983.0	7.0	17831.0	0.0	0.0	0.0	26438.0
1997	27	TABASCO	35848.0	18074.0	353.0	6363.0	506.0	687.0	8854.0	8163.0	318.0	10950.0	0.0	7.0	0.0	17774.0
1997	28	TAMAULIPAS	45567.0	13980.0	473.0	5494.0	299.0	1227.0	6827.0	15813.0	0.0	15884.0	0.0	23.0	0.0	31587.0
1997	29	TLAXCALA	9078.0	2135.0	63.0	1381.0	200.0	233.0	1862.0	3377.0	0.0	2025.0	0.0	0.0	0.0	6943.0
1997	30	VERACRUZ	75037.0	21599.0	722.0	11652.0	1028.0	1727.0	12900.0	24665.0	8.0	23043.0	0.0	14.0	0.0	53438.0
1997	31	YUCATAN	21484.0	7075.0	110.0	5461.0	172.0	152.0	5317.0	5364.0	39.0	4975.0	0.0	4.0	0.0	14409.0
1997	32	ZACATECAS	11743.0	2557.0	113.0	2288.0	85.0	356.0	1659.0	3637.0	45.0	3665.0	0.0	8.0	0.0	9186.0
1998	1	AGUASCALIENTES	10007.0	4337.0	66.0	2436.0	86.0	209.0	1515.0	2354.0	6.0	3395.0	0.0	6.0	0.0	5670.0
1998	2	BAJA CALIFORNIA	143355.0	70040.0	292.0	28905.0	417.0	578.0	15616.0	29164.0	72.0	68553.0	0.0	50.0	0.0	73315.0
1998	3	BAJA CALIFORNIA SUR	12153.0	1389.0	18.0	2750.0	52.0	85.0	1383.0	2984.0	5.0	4894.0	0.0	0.0	0.0	10764.0
1998	4	CAMPECHE	10924.0	2866.0	117.0	1754.0	155.0	252.0	2361.0	3655.0	6.0	2739.0	0.0	2.0	0.0	8058.0
1998	5	COAHUILA	18829.0	5233.0	165.0	2513.0	145.0	420.0	3779.0	4917.0	3.0	7044.0	0.0	8.0	0.0	13596.0
1998	6	COLIMA	13784.0	3356.0	89.0	2218.0	85.0	176.0	1834.0	5353.0	4.0	4108.0	0.0	6.0	0.0	10428.0
1998	7	CHIAPAS	30520.0	5303.0	1399.0	5659.0	171.0	1715.0	4811.0	10682.0	12.0	7470.0	0.0	0.0	0.0	25217.0
1998	8	CHIHUAHUA	73202.0	10957.0	584.0	13882.0	489.0	1198.0	13738.0	14179.0	18.0	29665.0	0.0	33.0	0.0	62245.0
1998	9	CIUDAD DE MEXICO	237801.0	115448.0	947.0	31884.0	1226.0	1864.0	33759.0	19072.0	66.0	149787.0	0.0	143.0	0.0	122353.0
1998	10	DURANGO	11007.0	2047.0	134.0	2499.0	100.0	191.0	2024.0	2624.0	6.0	3563.0	0.0	0.0	0.0	8960.0
1998	11	GUANAJUATO	34097.0	7239.0	230.0	6103.0	190.0	944.0	8451.0	1922.0	20.0	16444.0	0.0	23.0	0.0	26858.0
1998	12	GUERRERO	27532.0	13801.0	1306.0	3414.0	430.0	1782.0	3969.0	9382.0	45.0	8510.0	0.0	0.0	0.0	13731.0
1998	13	HIDALGO	18371.0	4692.0	250.0	3111.0	273.0	540.0	4239.0	5063.0	7.0	5135.0	0.0	3.0	0.0	13679.0
1998	14	JALISCO	81701.0	40901.0	604.0	9007.0	603.0	3331.0	13750.0	19140.0	99.0	35733.0	0.0	38.0	0.0	40800.0
1998	15	MEXICO	154225.0	60368.0	2221.0	13481.0	1890.0	6260.0	34619.0	10838.0	25.0	87093.0	0.0	19.0	0.0	93857.0
1998	16	MICHOACAN	35460.0	6083.0	1022.0	5387.0	334.0	2670.0	5486.0	10639.0	77.0	10861.0	0.0	6.0	0.0	29377.0
1998	17	MORELOS	24254.0	6598.0	216.0	3139.0	170.0	520.0	3751.0	8569.0	7.0	8087.0	0.0	11.0	0.0	17656.0
1998	18	NAYARIT	7762.0	4338.0	165.0	554.0	88.0	425.0	1385.0	2282.0	3.0	3016.0	0.0	9.0	0.0	3424.0
1998	19	NUEVO LEON	31828.0	5703.0	160.0	7768.0	221.0	160.0	7928.0	8293.0	15.0	7434.0	0.0	9.0	0.0	26125.0
1998	20	OAXACA	24354.0	1136.0	14.0	3431.0	316.0	1171.0	4467.0	10440.0	54.0	4475.0	0.0	0.0	0.0	23218.0
1998	21	PUEBLA	49163.0	12138.0	675.0	7825.0	600.0	1899.0	11223.0	10143.0	27.0	17442.0	0.0	4.0	0.0	37025.0
1998	22	QUERETARO	19464.0	4139.0	39.0	4829.0	228.0	1075.0	4173.0	1469.0	5.0	7683.0	0.0	2.0	0.0	15325.0
1998	23	QUINTANA ROO	10507.0	2859.0	117.0	1764.0	149.0	252.0	2354.0	3248.0	7.0	2732.0	0.0	1.0	0.0	7648.0
1998	24	SAN LUIS POTOSI	25043.0	6787.0	297.0	5810.0	241.0	510.0	5643.0	5393.0	0.0	7440.0	0.0	6.0	0.0	18256.0
1998	25	SINALOA	19520.0	4999.0	643.0	1945.0	132.0	1182.0	2785.0	2501.0	26.0	10926.0	0.0	23.0	0.0	14521.0
1998	26	SONORA	48066.0	16239.0	555.0	8162.0	327.0	1159.0	8508.0	9594.0	6.0	20310.0	0.0	0.0	0.0	31827.0
1998	27	TABASCO	31146.0	21123.0	368.0	5638.0	499.0	571.0	8482.0	3796.0	76.0	12084.0	0.0	0.0	0.0	10023.0
1998	28	TAMAULIPAS	38074.0	21525.0	428.0	4568.0	283.0	1060.0	6041.0	10151.0	0.0	15945.0	0.0	26.0	0.0	16549.0
1998	29	TLAXCALA	6905.0	1941.0	49.0	1097.0	154.0	120.0	1532.0	1875.0	1.0	2122.0	0.0	4.0	0.0	4964.0
1998	30	VERACRUZ	61085.0	16201.0	707.0	11475.0	892.0	1667.0	12886.0	17580.0	6.0	16568.0	0.0	11.0	0.0	44884.0
1998	31	YUCATAN	45293.0	9045.0	23.0	8881.0	259.0	100.0	7856.0	20089.0	0.0	8093.0	0.0	15.0	0.0	36248.0
1998	32	ZACATECAS	9555.0	2817.0	316.0	1920.0	110.0	358.0	1796.0	1869.0	30.0	3462.0	0.0	10.0	0.0	6738.0
1999	1	AGUASCALIENTES	11219.0	1602.0	27.0	2918.0	57.0	177.0	1809.0	2631.0	2.0	3623.0	0.0	2.0	0.0	9617.0
1999	2	BAJA CALIFORNIA	132115.0	53601.0	657.0	24703.0	385.0	657.0	14550.0	28782.0	23.0	62970.0	0.0	45.0	0.0	78514.0
1999	3	BAJA CALIFORNIA SUR	12377.0	1423.0	31.0	2692.0	49.0	86.0	1388.0	3094.0	5.0	5063.0	0.0	0.0	0.0	10954.0
1999	4	CAMPECHE	8666.0	2158.0	78.0	1649.0	110.0	198.0	1742.0	2679.0	6.0	2281.0	0.0	1.0	0.0	6508.0
1999	5	COAHUILA	19619.0	4805.0	139.0	2899.0	146.0	357.0	3724.0	6057.0	0.0	6433.0	0.0	3.0	0.0	14814.0
1999	6	COLIMA	5088.0	1012.0	53.0	764.0	49.0	149.0	957.0	1927.0	3.0	1239.0	0.0	0.0	0.0	4076.0
1999	7	CHIAPAS	31767.0	9204.0	1452.0	4597.0	505.0	2268.0	5346.0	12745.0	37.0	6214.0	0.0	55.0	0.0	22563.0
1999	8	CHIHUAHUA	57970.0	8533.0	425.0	12658.0	385.0	904.0	9385.0	12257.0	3.0	22353.0	0.0	25.0	0.0	49437.0
1999	9	CIUDAD DE MEXICO	227212.0	115189.0	880.0	26546.0	1355.0	1781.0	34032.0	16048.0	120.0	147275.0	0.0	55.0	0.0	112023.0
1999	10	DURANGO	12934.0	2864.0	291.0	2664.0	60.0	388.0	2347.0	3709.0	5.0	3761.0	0.0	0.0	0.0	10070.0
1999	11	GUANAJUATO	34870.0	7768.0	259.0	8923.0	172.0	1096.0	8863.0	1953.0	11.0	13840.0	0.0	12.0	0.0	27102.0
1999	12	GUERRERO	29474.0	9275.0	1242.0	2828.0	561.0	1692.0	3491.0	12823.0	35.0	8034.0	0.0	10.0	0.0	20199.0
1999	13	HIDALGO	17921.0	4387.0	199.0	3099.0	235.0	530.0	4252.0	5122.0	13.0	4663.0	0.0	7.0	0.0	13534.0
1999	14	JALISCO	82468.0	14940.0	545.0	10657.0	590.0	3271.0	12538.0	20279.0	31.0	35051.0	0.0	51.0	0.0	67528.0
1999	15	MEXICO	187331.0	80590.0	2966.0	15497.0	1865.0	6265.0	37920.0	48848.0	36.0	76879.0	0.0	21.0	0.0	106741.0
1999	16	MICHOACAN	29625.0	4993.0	575.0	5293.0	290.0	2084.0	5197.0	6666.0	63.0	10032.0	0.0	0.0	0.0	24632.0
1999	17	MORELOS	28836.0	8634.0	344.0	3613.0	219.0	681.0	4117.0	10523.0	9.0	9669.0	0.0	5.0	0.0	20202.0
1999	18	NAYARIT	6378.0	1860.0	146.0	596.0	86.0	264.0	988.0	1418.0	25.0	3001.0	0.0	0.0	0.0	4518.0
1999	19	NUEVO LEON	54317.0	11873.0	131.0	8064.0	209.0	532.0	18809.0	4651.0	1.0	22041.0	0.0	10.0	0.0	42444.0
1999	20	OAXACA	32330.0	6327.0	823.0	4456.0	244.0	1159.0	5299.0	15189.0	78.0	5903.0	0.0	2.0	0.0	26003.0
1999	21	PUEBLA	49865.0	10982.0	575.0	8331.0	595.0	1581.0	10388.0	12075.0	12.0	16858.0	0.0	25.0	0.0	38883.0
1999	22	QUERETARO	18254.0	3077.0	55.0	1382.0	180.0	473.0	2835.0	6179.0	6.0	7195.0	0.0	4.0	0.0	15177.0
1999	23	QUINTANA ROO	18278.0	4980.0	123.0	3248.0	213.0	253.0	2445.0	4346.0	7.0	7764.0	0.0	2.0	0.0	13298.0
1999	24	SAN LUIS POTOSI	42455.0	10418.0	414.0	9927.0	298.0	696.0	9247.0	13003.0	2.0	9281.0	0.0	1.0	0.0	32037.0
1999	25	SINALOA	19088.0	5460.0	564.0	1937.0	162.0	1166.0	2979.0	3033.0	38.0	9727.0	0.0	46.0	0.0	13628.0
1999	26	SONORA	27622.0	8058.0	292.0	5549.0	236.0	905.0	5555.0	6520.0	7.0	8832.0	0.0	18.0	0.0	19564.0
1999	27	TABASCO	26933.0	15886.0	229.0	4676.0	370.0	455.0	7864.0	3672.0	0.0	9896.0	0.0	0.0	0.0	11047.0
1999	28	TAMAULIPAS	41809.0	21825.0	253.0	5171.0	291.0	961.0	6746.0	12535.0	4.0	16083.0	0.0	18.0	0.0	19984.0
1999	29	TLAXCALA	5305.0	1527.0	163.0	659.0	178.0	298.0	1063.0	1675.0	0.0	1429.0	0.0	3.0	0.0	3778.0
1999	30	VERACRUZ	58976.0	15140.0	590.0	11033.0	1036.0	1489.0	12686.0	17486.0	8.0	15234.0	0.0	4.0	0.0	43836.0
1999	31	YUCATAN	47735.0	8571.0	8.0	8472.0	228.0	134.0	7771.0	23838.0	0.0	7284.0	0.0	8.0	0.0	39164.0
1999	32	ZACATECAS	11630.0	4553.0	90.0	2478.0	133.0	292.0	2310.0	2817.0	0.0	3593.0	0.0	7.0	0.0	7077.0
2000	1	AGUASCALIENTES	10834.0	1227.0	14.0	2910.0	76.0	174.0	1837.0	2715.0	1.0	3120.0	0.0	1.0	0.0	9607.0
2000	2	BAJA CALIFORNIA	109848.0	57334.0	460.0	17362.0	670.0	460.0	13351.0	25357.0	47.0	52545.0	0.0	56.0	0.0	52514.0
2000	3	BAJA CALIFORNIA SUR	13371.0	1668.0	31.0	2851.0	59.0	87.0	1563.0	3602.0	1.0	5208.0	0.0	0.0	0.0	11703.0
2000	4	CAMPECHE	5999.0	1375.0	55.0	1244.0	118.0	161.0	933.0	2161.0	0.0	1381.0	0.0	1.0	0.0	4624.0
2000	5	COAHUILA	26397.0	5863.0	113.0	4571.0	192.0	397.0	5149.0	7743.0	0.0	8343.0	0.0	2.0	0.0	20534.0
2000	6	COLIMA	4480.0	1008.0	45.0	691.0	78.0	142.0	1077.0	1507.0	1.0	983.0	0.0	1.0	0.0	3472.0
2000	7	CHIAPAS	29804.0	9150.0	1270.0	4176.0	466.0	1955.0	5498.0	11577.0	28.0	6080.0	0.0	24.0	0.0	20654.0
2000	8	CHIHUAHUA	52955.0	9645.0	437.0	8434.0	417.0	891.0	10464.0	10719.0	5.0	21994.0	0.0	31.0	0.0	43310.0
2000	9	CIUDAD DE MEXICO	176747.0	80865.0	709.0	24300.0	1511.0	1523.0	28557.0	12977.0	141.0	107717.0	0.0	21.0	0.0	95882.0
2000	10	DURANGO	22012.0	4503.0	268.0	4584.0	185.0	669.0	4383.0	5934.0	21.0	6236.0	0.0	0.0	0.0	17509.0
2000	11	GUANAJUATO	52929.0	8041.0	219.0	9650.0	204.0	1093.0	9098.0	18113.0	8.0	14753.0	0.0	10.0	0.0	44888.0
2000	12	GUERRERO	33582.0	12144.0	1399.0	3971.0	494.0	1830.0	4799.0	11818.0	42.0	10622.0	0.0	6.0	0.0	21438.0
2000	13	HIDALGO	16760.0	4700.0	115.0	2706.0	298.0	468.0	4037.0	4187.0	6.0	5057.0	0.0	1.0	0.0	12060.0
2000	14	JALISCO	85984.0	15191.0	486.0	12468.0	552.0	3300.0	13704.0	21703.0	27.0	34174.0	0.0	56.0	0.0	70793.0
2000	15	MEXICO	190220.0	80455.0	2726.0	15147.0	2206.0	6000.0	40343.0	52370.0	65.0	74078.0	0.0	11.0	0.0	109765.0
2000	16	MICHOACAN	24334.0	5603.0	487.0	3953.0	239.0	1248.0	4824.0	4813.0	29.0	9217.0	0.0	11.0	0.0	18731.0
2000	17	MORELOS	28199.0	8749.0	352.0	3432.0	220.0	638.0	3791.0	10225.0	35.0	9857.0	0.0	1.0	0.0	19450.0
2000	18	NAYARIT	9350.0	3042.0	121.0	843.0	149.0	302.0	1835.0	2280.0	7.0	3932.0	0.0	2.0	0.0	6308.0
2000	19	NUEVO LEON	57284.0	12916.0	123.0	8356.0	247.0	497.0	19910.0	5308.0	2.0	22954.0	0.0	10.0	0.0	44368.0
2000	20	OAXACA	31870.0	8674.0	1292.0	5579.0	334.0	1941.0	7414.0	11076.0	10.0	5516.0	0.0	0.0	0.0	23196.0
2000	21	PUEBLA	54340.0	13362.0	573.0	9816.0	759.0	1653.0	11417.0	13613.0	17.0	17040.0	0.0	25.0	0.0	40978.0
2000	22	QUERETARO	15739.0	2709.0	62.0	1226.0	153.0	326.0	2521.0	5035.0	5.0	6473.0	0.0	0.0	0.0	13030.0
2000	23	QUINTANA ROO	22757.0	7082.0	245.0	3886.0	291.0	409.0	3365.0	5521.0	3.0	9282.0	0.0	0.0	0.0	15675.0
2000	24	SAN LUIS POTOSI	48442.0	10189.0	254.0	11132.0	408.0	543.0	9601.0	17589.0	1.0	9167.0	0.0	1.0	0.0	38253.0
2000	25	SINALOA	21013.0	5064.0	501.0	2601.0	168.0	1100.0	3992.0	4084.0	30.0	9017.0	0.0	21.0	0.0	15949.0
2000	26	SONORA	21429.0	6546.0	194.0	3499.0	268.0	726.0	4702.0	5847.0	38.0	6316.0	0.0	33.0	0.0	14883.0
2000	27	TABASCO	38275.0	14549.0	210.0	4467.0	270.0	410.0	8043.0	16326.0	0.0	8759.0	0.0	0.0	0.0	23726.0
2000	28	TAMAULIPAS	42686.0	7613.0	221.0	4979.0	363.0	727.0	6663.0	14688.0	13.0	15247.0	0.0	6.0	0.0	35073.0
2000	29	TLAXCALA	5579.0	1439.0	280.0	563.0	248.0	430.0	910.0	1699.0	0.0	1729.0	0.0	0.0	0.0	4140.0
2000	30	VERACRUZ	57750.0	14346.0	465.0	10556.0	1047.0	1430.0	13065.0	18030.0	4.0	13616.0	0.0	2.0	0.0	43404.0
2000	31	YUCATAN	44105.0	8000.0	26.0	8080.0	232.0	183.0	6935.0	22037.0	0.0	6632.0	0.0	6.0	0.0	36105.0
2000	32	ZACATECAS	12640.0	3453.0	96.0	2621.0	144.0	305.0	2656.0	3076.0	4.0	3828.0	0.0	6.0	0.0	9187.0
2001	1	AGUASCALIENTES	11012.0	1481.0	22.0	2675.0	64.0	154.0	1818.0	2646.0	0.0	3655.0	0.0	0.0	0.0	9531.0
2001	2	BAJA CALIFORNIA	105764.0	51963.0	456.0	17065.0	553.0	456.0	13431.0	27289.0	25.0	46934.0	0.0	11.0	0.0	53801.0
2001	3	BAJA CALIFORNIA SUR	13021.0	1697.0	25.0	2490.0	69.0	79.0	1530.0	3077.0	2.0	5774.0	0.0	0.0	0.0	11324.0
2001	4	CAMPECHE	4061.0	718.0	52.0	733.0	107.0	126.0	438.0	1744.0	2.0	910.0	0.0	1.0	0.0	3343.0
2001	5	COAHUILA	29426.0	6499.0	118.0	5528.0	143.0	370.0	5981.0	8276.0	0.0	9126.0	0.0	2.0	0.0	22927.0
2001	6	COLIMA	4815.0	1095.0	56.0	832.0	87.0	149.0	840.0	1776.0	1.0	1129.0	0.0	1.0	0.0	3720.0
2001	7	CHIAPAS	34878.0	10696.0	1252.0	6649.0	538.0	1962.0	5865.0	12268.0	30.0	7551.0	0.0	15.0	0.0	24182.0
2001	8	CHIHUAHUA	61610.0	11079.0	480.0	7493.0	558.0	985.0	11530.0	15473.0	2.0	25543.0	0.0	26.0	0.0	50531.0
2001	9	CIUDAD DE MEXICO	171469.0	73193.0	807.0	23133.0	1221.0	1694.0	24085.0	19168.0	148.0	101973.0	0.0	47.0	0.0	98276.0
2001	10	DURANGO	21841.0	4716.0	321.0	4587.0	195.0	529.0	3952.0	6451.0	9.0	6118.0	0.0	0.0	0.0	17125.0
2001	11	GUANAJUATO	63843.0	10764.0	233.0	13225.0	269.0	966.0	11783.0	20266.0	8.0	17320.0	0.0	6.0	0.0	53079.0
2001	12	GUERRERO	30530.0	11125.0	1255.0	4231.0	396.0	1661.0	4595.0	10665.0	44.0	8935.0	0.0	3.0	0.0	19405.0
2001	13	HIDALGO	21881.0	5417.0	148.0	3339.0	372.0	480.0	4797.0	7248.0	4.0	5641.0	0.0	0.0	0.0	16464.0
2001	14	JALISCO	94905.0	17891.0	488.0	13401.0	662.0	3224.0	15309.0	24196.0	14.0	38081.0	0.0	18.0	0.0	77014.0
2001	15	MEXICO	209480.0	89785.0	2862.0	18502.0	2299.0	6044.0	42350.0	54999.0	76.0	85177.0	0.0	33.0	0.0	119695.0
2001	16	MICHOACAN	26648.0	5680.0	475.0	4856.0	251.0	1351.0	5591.0	4517.0	30.0	10049.0	0.0	3.0	0.0	20968.0
2001	17	MORELOS	33815.0	9877.0	193.0	4367.0	232.0	454.0	4704.0	13428.0	22.0	10607.0	0.0	1.0	0.0	23938.0
2001	18	NAYARIT	9662.0	3120.0	127.0	817.0	116.0	290.0	1771.0	2354.0	7.0	4306.0	0.0	1.0	0.0	6542.0
2001	19	NUEVO LEON	61887.0	13025.0	140.0	9223.0	254.0	568.0	18357.0	5576.0	4.0	27897.0	0.0	8.0	0.0	48862.0
2001	20	OAXACA	39544.0	9750.0	1311.0	5495.0	194.0	1665.0	7645.0	16932.0	2.0	7609.0	0.0	2.0	0.0	29794.0
2001	21	PUEBLA	59764.0	14086.0	502.0	12164.0	669.0	1527.0	12570.0	12987.0	11.0	19819.0	0.0	17.0	0.0	45678.0
2001	22	QUERETARO	18943.0	3261.0	86.0	3859.0	191.0	382.0	3080.0	4062.0	1.0	7368.0	0.0	0.0	0.0	15682.0
2001	23	QUINTANA ROO	22685.0	4584.0	252.0	4345.0	286.0	500.0	2985.0	5097.0	12.0	9459.0	0.0	1.0	0.0	18101.0
2001	24	SAN LUIS POTOSI	46160.0	10224.0	195.0	10527.0	422.0	418.0	8564.0	16762.0	6.0	9461.0	0.0	0.0	0.0	35936.0
2001	25	SINALOA	19937.0	4839.0	551.0	2378.0	169.0	1132.0	3724.0	3807.0	25.0	8693.0	0.0	9.0	0.0	15098.0
2001	26	SONORA	17391.0	5248.0	185.0	3161.0	250.0	756.0	3852.0	4571.0	5.0	4782.0	0.0	14.0	0.0	12143.0
2001	27	TABASCO	37986.0	13076.0	169.0	4469.0	232.0	333.0	7187.0	17212.0	0.0	8553.0	0.0	0.0	0.0	24910.0
2001	28	TAMAULIPAS	45952.0	8448.0	165.0	5039.0	450.0	580.0	7240.0	15687.0	7.0	16943.0	0.0	6.0	0.0	37504.0
2001	29	TLAXCALA	5050.0	1498.0	352.0	513.0	234.0	490.0	839.0	1254.0	0.0	1718.0	0.0	2.0	0.0	3552.0
2001	30	VERACRUZ	58838.0	15051.0	467.0	10957.0	1153.0	1398.0	12489.0	18347.0	7.0	14484.0	0.0	3.0	0.0	43787.0
2001	31	YUCATAN	43052.0	8003.0	16.0	8240.0	204.0	162.0	7283.0	20613.0	0.0	6544.0	0.0	6.0	0.0	35049.0
2001	32	ZACATECAS	12485.0	3024.0	94.0	2818.0	131.0	300.0	2598.0	3068.0	1.0	3560.0	0.0	9.0	0.0	9461.0
2002	1	AGUASCALIENTES	11990.0	1640.0	26.0	3344.0	55.0	172.0	2029.0	3025.0	2.0	3325.0	28.0	2.0	8.0	10350.0
2002	2	BAJA CALIFORNIA	99883.0	47312.0	466.0	16900.0	609.0	466.0	12731.0	24991.0	22.0	44149.0	0.0	15.0	0.0	52571.0
2002	3	BAJA CALIFORNIA SUR	13663.0	1760.0	28.0	2794.0	91.0	67.0	1560.0	3209.0	0.0	5902.0	40.0	0.0	0.0	11903.0
2002	4	CAMPECHE	2910.0	524.0	52.0	460.0	105.0	153.0	264.0	1149.0	0.0	672.0	82.0	1.0	24.0	2386.0
2002	5	COAHUILA	27119.0	5137.0	131.0	6323.0	191.0	353.0	4826.0	7200.0	2.0	8146.0	73.0	3.0	2.0	21982.0
2002	6	COLIMA	4867.0	1027.0	45.0	952.0	70.0	119.0	772.0	1738.0	1.0	1188.0	12.0	1.0	14.0	3840.0
2002	7	CHIAPAS	35605.0	10738.0	1056.0	8139.0	645.0	1855.0	5901.0	10966.0	12.0	7394.0	515.0	6.0	172.0	24867.0
2002	8	CHIHUAHUA	63043.0	10490.0	528.0	7999.0	548.0	982.0	11114.0	17795.0	4.0	24236.0	309.0	37.0	19.0	52553.0
2002	9	CIUDAD DE MEXICO	178090.0	69206.0	748.0	29486.0	1298.0	1759.0	25944.0	23188.0	144.0	96181.0	0.0	90.0	0.0	108884.0
2002	10	DURANGO	16535.0	2604.0	232.0	4200.0	132.0	389.0	2204.0	4190.0	9.0	5236.0	165.0	1.0	9.0	13931.0
2002	11	GUANAJUATO	62973.0	10521.0	208.0	14686.0	331.0	1103.0	12355.0	16307.0	11.0	17872.0	292.0	16.0	0.0	52452.0
2002	12	GUERRERO	29791.0	10123.0	1035.0	4969.0	422.0	1443.0	4755.0	10127.0	28.0	7925.0	100.0	3.0	19.0	19668.0
2002	13	HIDALGO	21962.0	5656.0	129.0	4322.0	321.0	452.0	5264.0	6257.0	4.0	5081.0	139.0	0.0	122.0	16306.0
2002	14	JALISCO	96196.0	24362.0	431.0	18745.0	797.0	1634.0	15122.0	23374.0	16.0	35930.0	466.0	8.0	104.0	71834.0
2002	15	MEXICO	218666.0	85950.0	2870.0	22757.0	2533.0	6041.0	43306.0	64069.0	82.0	79374.0	473.0	31.0	0.0	132716.0
2002	16	MICHOACAN	27444.0	5306.0	428.0	6071.0	255.0	1254.0	5344.0	4327.0	24.0	9954.0	203.0	12.0	0.0	22138.0
2002	17	MORELOS	31869.0	9311.0	226.0	5361.0	294.0	466.0	4551.0	11606.0	6.0	9430.0	94.0	9.0	52.0	22558.0
2002	18	NAYARIT	6411.0	1955.0	117.0	813.0	95.0	196.0	966.0	1416.0	11.0	2753.0	116.0	2.0	43.0	4456.0
2002	19	NUEVO LEON	57299.0	12030.0	124.0	13024.0	362.0	533.0	12941.0	4659.0	3.0	25589.0	161.0	20.0	7.0	45269.0
2002	20	OAXACA	35109.0	9412.0	1427.0	6716.0	317.0	1780.0	6831.0	11974.0	6.0	7333.0	141.0	11.0	0.0	25697.0
2002	21	PUEBLA	60627.0	15295.0	463.0	12377.0	696.0	1527.0	12572.0	12045.0	12.0	21057.0	137.0	30.0	174.0	45332.0
2002	22	QUERETARO	19667.0	3421.0	71.0	4419.0	210.0	367.0	3181.0	3827.0	1.0	7562.0	98.0	2.0	0.0	16246.0
2002	23	QUINTANA ROO	24631.0	5666.0	194.0	5459.0	419.0	563.0	3692.0	5143.0	0.0	9294.0	41.0	7.0	13.0	18965.0
2002	24	SAN LUIS POTOSI	42811.0	9252.0	245.0	10034.0	404.0	431.0	7547.0	16425.0	2.0	7967.0	0.0	1.0	0.0	33559.0
2002	25	SINALOA	19911.0	4730.0	485.0	2738.0	204.0	1096.0	4177.0	3703.0	12.0	7759.0	217.0	5.0	0.0	15181.0
2002	26	SONORA	16831.0	4444.0	165.0	3999.0	223.0	644.0	3528.0	4031.0	7.0	4332.0	61.0	6.0	0.0	12387.0
2002	27	TABASCO	38493.0	13069.0	141.0	5211.0	277.0	274.0	7110.0	16720.0	0.0	8586.0	315.0	0.0	0.0	25424.0
2002	28	TAMAULIPAS	45799.0	9170.0	184.0	5216.0	561.0	524.0	7633.0	14606.0	4.0	17081.0	166.0	8.0	0.0	36629.0
2002	29	TLAXCALA	5378.0	1459.0	309.0	740.0	225.0	486.0	854.0	1214.0	0.0	1780.0	66.0	2.0	11.0	3919.0
2002	30	VERACRUZ	62522.0	16034.0	450.0	14263.0	1209.0	1446.0	13640.0	17542.0	10.0	13754.0	504.0	2.0	152.0	46488.0
2002	31	YUCATAN	46780.0	8946.0	30.0	9932.0	293.0	264.0	5591.0	23881.0	0.0	6790.0	29.0	0.0	0.0	37834.0
2002	32	ZACATECAS	14602.0	3113.0	104.0	3751.0	180.0	305.0	2932.0	2846.0	0.0	4391.0	168.0	13.0	16.0	11489.0
2003	1	AGUASCALIENTES	12170.0	1704.0	21.0	3295.0	57.0	171.0	2040.0	2719.0	0.0	3848.0	31.0	1.0	8.0	10466.0
2003	2	BAJA CALIFORNIA	96139.0	46244.0	479.0	14034.0	602.0	479.0	12641.0	23960.0	20.0	44368.0	0.0	35.0	0.0	49895.0
2003	3	BAJA CALIFORNIA SUR	13300.0	1741.0	24.0	2818.0	108.0	61.0	1560.0	3406.0	0.0	5288.0	59.0	0.0	0.0	11559.0
2003	4	CAMPECHE	2203.0	396.0	55.0	231.0	109.0	145.0	146.0	998.0	1.0	496.0	46.0	0.0	31.0	1807.0
2003	5	COAHUILA	28228.0	5263.0	116.0	6343.0	222.0	370.0	4630.0	7878.0	0.0	8692.0	83.0	6.0	4.0	22965.0
2003	6	COLIMA	5022.0	995.0	34.0	969.0	78.0	128.0	768.0	1789.0	2.0	1264.0	9.0	3.0	12.0	4027.0
2003	7	CHIAPAS	34832.0	10169.0	921.0	7870.0	450.0	1873.0	5651.0	10817.0	13.0	7490.0	436.0	8.0	224.0	24663.0
2003	8	CHIHUAHUA	60166.0	9314.0	471.0	9564.0	602.0	905.0	9530.0	13628.0	6.0	25556.0	310.0	65.0	0.0	50852.0
2003	9	CIUDAD DE MEXICO	172827.0	67901.0	715.0	27063.0	1316.0	1635.0	25023.0	22031.0	136.0	95471.0	0.0	152.0	0.0	104926.0
2003	10	DURANGO	12537.0	1640.0	216.0	3861.0	113.0	315.0	1120.0	2371.0	11.0	4608.0	122.0	4.0	12.0	10897.0
2003	11	GUANAJUATO	60941.0	8244.0	213.0	14967.0	313.0	944.0	10921.0	14746.0	4.0	18768.0	267.0	11.0	0.0	52697.0
2003	12	GUERRERO	29354.0	7734.0	808.0	4299.0	495.0	1284.0	4311.0	13288.0	23.0	5562.0	48.0	7.0	37.0	21620.0
2003	13	HIDALGO	24680.0	6155.0	113.0	4784.0	292.0	348.0	5473.0	8008.0	6.0	5496.0	138.0	1.0	134.0	18525.0
2003	14	JALISCO	91587.0	17302.0	424.0	17901.0	786.0	1460.0	12566.0	24171.0	13.0	34110.0	447.0	19.0	114.0	74285.0
2003	15	MEXICO	218326.0	84802.0	2741.0	23366.0	2222.0	6000.0	44945.0	63235.0	80.0	78014.0	444.0	20.0	0.0	133524.0
2003	16	MICHOACAN	27031.0	4978.0	440.0	5730.0	291.0	1232.0	4739.0	4167.0	20.0	10619.0	224.0	9.0	0.0	22053.0
2003	17	MORELOS	31529.0	8785.0	173.0	5455.0	289.0	487.0	4741.0	12117.0	10.0	8328.0	88.0	2.0	12.0	22744.0
2003	18	NAYARIT	5676.0	1366.0	95.0	1322.0	81.0	183.0	949.0	1482.0	1.0	1569.0	67.0	0.0	22.0	4310.0
2003	19	NUEVO LEON	52151.0	10270.0	135.0	10406.0	332.0	524.0	10368.0	4417.0	5.0	25882.0	183.0	24.0	10.0	41881.0
2003	20	OAXACA	40761.0	10574.0	1571.0	7900.0	412.0	1952.0	7676.0	14464.0	6.0	8168.0	179.0	4.0	0.0	30187.0
2003	21	PUEBLA	64752.0	14193.0	488.0	13706.0	791.0	1489.0	12873.0	14179.0	9.0	21397.0	148.0	10.0	150.0	50559.0
2003	22	QUERETARO	20441.0	3193.0	71.0	4865.0	181.0	371.0	3274.0	4148.0	1.0	7520.0	80.0	1.0	0.0	17248.0
2003	23	QUINTANA ROO	26127.0	6062.0	228.0	5941.0	359.0	529.0	4498.0	5543.0	0.0	9218.0	28.0	6.0	5.0	20065.0
2003	24	SAN LUIS POTOSI	44357.0	8348.0	121.0	11561.0	402.0	291.0	7643.0	15579.0	1.0	8565.0	223.0	0.0	92.0	36009.0
2003	25	SINALOA	20391.0	4793.0	482.0	2558.0	176.0	1121.0	3982.0	3752.0	14.0	8607.0	166.0	15.0	0.0	15598.0
2003	26	SONORA	16185.0	4275.0	203.0	3515.0	218.0	653.0	2799.0	4541.0	8.0	4372.0	53.0	26.0	0.0	11910.0
2003	27	TABASCO	39747.0	13016.0	150.0	5282.0	272.0	315.0	7676.0	17543.0	0.0	8403.0	256.0	0.0	0.0	26731.0
2003	28	TAMAULIPAS	47504.0	9915.0	244.0	5190.0	473.0	578.0	8726.0	13884.0	5.0	18481.0	157.0	10.0	0.0	37589.0
2003	29	TLAXCALA	5264.0	1393.0	286.0	783.0	220.0	414.0	915.0	1389.0	0.0	1461.0	56.0	2.0	24.0	3871.0
2003	30	VERACRUZ	66708.0	17806.0	501.0	15248.0	1323.0	1505.0	14479.0	18058.0	16.0	15389.0	428.0	8.0	254.0	48902.0
2003	31	YUCATAN	51131.0	8848.0	32.0	10485.0	254.0	286.0	8379.0	25029.0	0.0	6658.0	40.0	0.0	0.0	42283.0
2003	32	ZACATECAS	14602.0	3040.0	105.0	3664.0	157.0	282.0	2864.0	2589.0	2.0	4797.0	197.0	15.0	35.0	11562.0
2004	1	AGUASCALIENTES	12344.0	1913.0	17.0	3074.0	63.0	169.0	2359.0	3204.0	4.0	3426.0	44.0	0.0	1.0	10431.0
2004	2	BAJA CALIFORNIA	112201.0	16819.0	470.0	15328.0	558.0	470.0	13816.0	28037.0	9.0	53966.0	0.0	17.0	0.0	95382.0
2004	3	BAJA CALIFORNIA SUR	13934.0	1899.0	36.0	2808.0	107.0	80.0	1686.0	3192.0	1.0	5992.0	68.0	0.0	0.0	12035.0
2004	4	CAMPECHE	1885.0	293.0	37.0	169.0	85.0	111.0	126.0	945.0	2.0	394.0	42.0	0.0	11.0	1592.0
2004	5	COAHUILA	28832.0	5408.0	103.0	5601.0	206.0	330.0	4869.0	7890.0	1.0	9836.0	84.0	10.0	5.0	23424.0
2004	6	COLIMA	6425.0	1657.0	45.0	780.0	119.0	120.0	864.0	2036.0	1.0	2446.0	41.0	0.0	18.0	4768.0
2004	7	CHIAPAS	36173.0	9490.0	787.0	7948.0	427.0	1792.0	5768.0	11853.0	5.0	7714.0	517.0	1.0	148.0	26683.0
2004	8	CHIHUAHUA	59289.0	9340.0	444.0	9908.0	578.0	902.0	9488.0	11686.0	3.0	26215.0	430.0	11.0	68.0	49949.0
2004	9	CIUDAD DE MEXICO	162485.0	62322.0	710.0	27080.0	1229.0	1535.0	23787.0	19914.0	145.0	88743.0	0.0	52.0	0.0	100163.0
2004	10	DURANGO	13251.0	3805.0	120.0	3551.0	86.0	190.0	1790.0	1870.0	3.0	5661.0	79.0	4.0	17.0	9446.0
2004	11	GUANAJUATO	66933.0	8741.0	194.0	16295.0	261.0	991.0	12178.0	17314.0	6.0	19565.0	302.0	21.0	0.0	58192.0
2004	12	GUERRERO	20910.0	5520.0	539.0	4029.0	489.0	993.0	4125.0	7152.0	11.0	3995.0	65.0	8.0	43.0	15390.0
2004	13	HIDALGO	27744.0	6289.0	123.0	5373.0	315.0	360.0	5906.0	9215.0	6.0	6180.0	213.0	21.0	155.0	21455.0
2004	14	JALISCO	81558.0	13433.0	370.0	16473.0	724.0	1282.0	9931.0	23158.0	13.0	29441.0	444.0	13.0	79.0	68125.0
2004	15	MEXICO	221431.0	86509.0	2855.0	23328.0	2421.0	5815.0	47204.0	70185.0	45.0	71936.0	436.0	61.0	0.0	134922.0
2004	16	MICHOACAN	26322.0	4620.0	446.0	5046.0	248.0	1083.0	4241.0	4231.0	8.0	11252.0	187.0	26.0	0.0	21702.0
2004	17	MORELOS	34768.0	9869.0	219.0	6034.0	272.0	576.0	5004.0	12888.0	9.0	9792.0	81.0	9.0	103.0	24899.0
2004	18	NAYARIT	4299.0	1192.0	109.0	925.0	77.0	182.0	703.0	1233.0	1.0	1127.0	35.0	1.0	15.0	3107.0
2004	19	NUEVO LEON	49807.0	10878.0	117.0	9797.0	341.0	510.0	10500.0	4441.0	6.0	23966.0	213.0	20.0	13.0	38929.0
2004	20	OAXACA	37616.0	9321.0	1130.0	7527.0	389.0	1568.0	6963.0	13197.0	5.0	7783.0	178.0	6.0	0.0	28295.0
2004	21	PUEBLA	64438.0	14128.0	468.0	14052.0	740.0	1339.0	11690.0	15039.0	7.0	21156.0	159.0	15.0	241.0	50310.0
2004	22	QUERETARO	18462.0	2832.0	62.0	4425.0	124.0	335.0	2920.0	3637.0	1.0	6927.0	93.0	0.0	0.0	15630.0
2004	23	QUINTANA ROO	24990.0	5028.0	138.0	5997.0	406.0	394.0	4026.0	5396.0	1.0	8738.0	24.0	3.0	5.0	19962.0
2004	24	SAN LUIS POTOSI	45373.0	8198.0	199.0	12320.0	313.0	441.0	7688.0	15187.0	4.0	8980.0	289.0	1.0	150.0	37175.0
2004	25	SINALOA	18522.0	4414.0	515.0	2146.0	183.0	1152.0	3400.0	3008.0	7.0	8516.0	101.0	9.0	0.0	14108.0
2004	26	SONORA	28279.0	6053.0	250.0	5746.0	279.0	676.0	4326.0	8558.0	3.0	8546.0	131.0	14.0	0.0	22226.0
2004	27	TABASCO	23989.0	11553.0	120.0	5240.0	241.0	313.0	7401.0	2325.0	0.0	8122.0	347.0	0.0	0.0	12436.0
2004	28	TAMAULIPAS	51376.0	10234.0	225.0	5696.0	460.0	489.0	9047.0	15884.0	0.0	19597.0	197.0	6.0	0.0	41142.0
2004	29	TLAXCALA	4673.0	1193.0	260.0	675.0	206.0	410.0	859.0	1301.0	0.0	1126.0	67.0	2.0	27.0	3480.0
2004	30	VERACRUZ	63754.0	15793.0	465.0	15967.0	1278.0	1453.0	12789.0	15801.0	13.0	15580.0	542.0	6.0	325.0	47961.0
2004	31	YUCATAN	48423.0	8287.0	30.0	9743.0	270.0	236.0	8202.0	23663.0	0.0	6256.0	52.0	1.0	0.0	40136.0
2004	32	ZACATECAS	13835.0	2813.0	55.0	3483.0	155.0	233.0	2682.0	2554.0	3.0	4509.0	190.0	12.0	14.0	11022.0
2005	1	AGUASCALIENTES	12163.0	1818.0	19.0	2978.0	74.0	216.0	2224.0	3322.0	0.0	3324.0	20.0	0.0	5.0	10345.0
2005	2	BAJA CALIFORNIA	101166.0	14601.0	539.0	15240.0	488.0	539.0	12773.0	20339.0	9.0	51768.0	0.0	10.0	0.0	86565.0
2005	3	BAJA CALIFORNIA SUR	16993.0	2240.0	34.0	3118.0	140.0	88.0	1934.0	3605.0	0.0	8052.0	56.0	0.0	0.0	14753.0
2005	4	CAMPECHE	1547.0	381.0	51.0	122.0	79.0	131.0	124.0	641.0	1.0	389.0	32.0	2.0	26.0	1166.0
2005	5	COAHUILA	24927.0	4318.0	139.0	4135.0	172.0	354.0	3475.0	7373.0	6.0	9299.0	106.0	4.0	3.0	20609.0
2005	6	COLIMA	9794.0	2007.0	35.0	1752.0	71.0	103.0	1509.0	3698.0	1.0	2626.0	22.0	2.0	10.0	7787.0
2005	7	CHIAPAS	31789.0	5928.0	415.0	6686.0	322.0	1700.0	4738.0	10968.0	6.0	6825.0	450.0	0.0	94.0	25861.0
2005	8	CHIHUAHUA	67690.0	10039.0	550.0	13798.0	658.0	1004.0	9599.0	11277.0	5.0	30814.0	461.0	9.0	65.0	57651.0
2005	9	CIUDAD DE MEXICO	153997.0	58432.0	698.0	27692.0	1185.0	1531.0	23574.0	18533.0	103.0	81330.0	0.0	49.0	0.0	95565.0
2005	10	DURANGO	10209.0	2039.0	189.0	2617.0	102.0	229.0	1519.0	2123.0	4.0	3543.0	71.0	0.0	1.0	8170.0
2005	11	GUANAJUATO	75732.0	10140.0	213.0	17705.0	245.0	974.0	14022.0	20486.0	4.0	22010.0	280.0	6.0	0.0	65592.0
2005	12	GUERRERO	18051.0	5733.0	755.0	3400.0	413.0	1141.0	3815.0	5640.0	19.0	3549.0	60.0	6.0	8.0	12318.0
2005	13	HIDALGO	30723.0	6936.0	118.0	5898.0	335.0	415.0	6401.0	10180.0	6.0	7155.0	219.0	2.0	112.0	23787.0
2005	14	JALISCO	68928.0	11528.0	384.0	16153.0	755.0	1157.0	8148.0	17302.0	7.0	25081.0	263.0	4.0	58.0	57400.0
2005	15	MEXICO	234274.0	93817.0	2313.0	24938.0	2414.0	5115.0	50650.0	75200.0	46.0	75386.0	470.0	55.0	0.0	140457.0
2005	16	MICHOACAN	26010.0	4279.0	427.0	4676.0	262.0	945.0	3983.0	4035.0	13.0	11893.0	185.0	18.0	0.0	21731.0
2005	17	MORELOS	40601.0	11075.0	160.0	7227.0	315.0	559.0	5977.0	14897.0	12.0	11483.0	101.0	12.0	18.0	29526.0
2005	18	NAYARIT	10021.0	2665.0	93.0	2304.0	95.0	221.0	1565.0	2736.0	2.0	3006.0	78.0	0.0	14.0	7356.0
2005	19	NUEVO LEON	44254.0	8942.0	143.0	8516.0	287.0	619.0	7589.0	4009.0	1.0	23094.0	127.0	7.0	5.0	35312.0
2005	20	OAXACA	29603.0	6934.0	1053.0	6355.0	347.0	1319.0	5123.0	10463.0	1.0	5816.0	173.0	6.0	0.0	22669.0
2005	21	PUEBLA	55918.0	12176.0	341.0	11338.0	650.0	1111.0	10648.0	13185.0	5.0	18618.0	161.0	9.0	193.0	43742.0
2005	22	QUERETARO	16996.0	2676.0	68.0	3757.0	142.0	357.0	2567.0	3025.0	0.0	7061.0	87.0	0.0	0.0	14320.0
2005	23	QUINTANA ROO	23718.0	4270.0	119.0	5543.0	354.0	286.0	3637.0	5112.0	2.0	8749.0	25.0	4.0	6.0	19448.0
2005	24	SAN LUIS POTOSI	39345.0	6590.0	176.0	10568.0	288.0	361.0	7152.0	12607.0	0.0	7916.0	317.0	0.0	136.0	32755.0
2005	25	SINALOA	22418.0	5108.0	609.0	2839.0	148.0	1258.0	3700.0	3891.0	6.0	10374.0	178.0	24.0	0.0	17310.0
2005	26	SONORA	43512.0	8447.0	275.0	8057.0	411.0	832.0	6263.0	14818.0	5.0	13006.0	104.0	16.0	0.0	35065.0
2005	27	TABASCO	7527.0	3872.0	84.0	0.0	285.0	84.0	0.0	0.0	0.0	6856.0	302.0	0.0	0.0	3655.0
2005	28	TAMAULIPAS	52515.0	10840.0	357.0	5556.0	579.0	861.0	8773.0	15943.0	7.0	20533.0	253.0	10.0	0.0	41675.0
2005	29	TLAXCALA	17794.0	4163.0	350.0	3096.0	281.0	399.0	3693.0	7807.0	0.0	2448.0	50.0	0.0	20.0	13631.0
2005	30	VERACRUZ	57728.0	7675.0	459.0	16613.0	1251.0	1370.0	4407.0	16872.0	6.0	16302.0	653.0	4.0	250.0	50053.0
2005	31	YUCATAN	49052.0	8216.0	22.0	8549.0	238.0	246.0	8584.0	24972.0	0.0	6432.0	29.0	2.0	0.0	40836.0
2005	32	ZACATECAS	12232.0	2802.0	58.0	3025.0	155.0	246.0	2545.0	1700.0	1.0	4262.0	278.0	5.0	15.0	9430.0
2006	1	AGUASCALIENTES	14235.0	2490.0	26.0	4250.0	84.0	192.0	2735.0	2762.0	1.0	4122.0	87.0	1.0	1.0	11745.0
2006	2	BAJA CALIFORNIA	112081.0	16235.0	483.0	15977.0	492.0	483.0	14067.0	21585.0	38.0	59432.0	0.0	7.0	0.0	95846.0
2006	3	BAJA CALIFORNIA SUR	16689.0	1930.0	20.0	3523.0	96.0	71.0	1671.0	3598.0	5.0	7691.0	33.0	1.0	0.0	14759.0
2006	4	CAMPECHE	1963.0	567.0	28.0	185.0	114.0	125.0	177.0	700.0	0.0	589.0	34.0	1.0	38.0	1396.0
2006	5	COAHUILA	26928.0	3912.0	109.0	6208.0	161.0	348.0	3787.0	6506.0	2.0	9826.0	81.0	7.0	2.0	23016.0
2006	6	COLIMA	9777.0	2086.0	31.0	1571.0	111.0	93.0	1563.0	3867.0	1.0	2535.0	30.0	3.0	3.0	7691.0
2006	7	CHIAPAS	28855.0	5183.0	358.0	6201.0	240.0	1576.0	3972.0	9952.0	5.0	6518.0	312.0	1.0	78.0	23672.0
2006	8	CHIHUAHUA	67766.0	10633.0	593.0	12708.0	715.0	1023.0	8348.0	9877.0	10.0	34554.0	438.0	9.0	84.0	57133.0
2006	9	CIUDAD DE MEXICO	149273.0	55950.0	649.0	26537.0	1169.0	1510.0	22637.0	19064.0	92.0	78211.0	0.0	53.0	0.0	93323.0
2006	10	DURANGO	7728.0	1917.0	205.0	2557.0	93.0	253.0	1578.0	2289.0	0.0	909.0	49.0	0.0	0.0	5811.0
2006	11	GUANAJUATO	79680.0	11343.0	242.0	18461.0	219.0	1029.0	14720.0	20583.0	6.0	24418.0	233.0	11.0	0.0	68337.0
2006	12	GUERRERO	19765.0	5727.0	837.0	3687.0	388.0	1284.0	3720.0	6172.0	21.0	4480.0	3.0	4.0	6.0	14038.0
2006	13	HIDALGO	31172.0	6577.0	101.0	5639.0	296.0	364.0	6142.0	10755.0	7.0	7659.0	174.0	5.0	131.0	24595.0
2006	14	JALISCO	72225.0	12104.0	425.0	18027.0	762.0	1263.0	8925.0	17510.0	5.0	25304.0	361.0	8.0	60.0	60121.0
2006	15	MEXICO	237761.0	94060.0	2766.0	27742.0	2838.0	5884.0	53156.0	71030.0	42.0	76599.0	435.0	35.0	0.0	143701.0
2006	16	MICHOACAN	31480.0	4655.0	661.0	5703.0	238.0	1349.0	4193.0	4607.0	16.0	15149.0	194.0	31.0	0.0	26825.0
2006	17	MORELOS	42447.0	10160.0	159.0	7360.0	306.0	665.0	5142.0	15884.0	13.0	12948.0	95.0	2.0	32.0	32287.0
2006	18	NAYARIT	24202.0	5058.0	94.0	5828.0	189.0	355.0	3679.0	6642.0	2.0	7263.0	206.0	4.0	34.0	19144.0
2006	19	NUEVO LEON	46212.0	8461.0	180.0	7755.0	289.0	658.0	7285.0	3775.0	1.0	26321.0	101.0	24.0	3.0	37751.0
2006	20	OAXACA	35959.0	9295.0	1077.0	7617.0	370.0	1477.0	6377.0	11694.0	5.0	8224.0	183.0	12.0	0.0	26664.0
2006	21	PUEBLA	49576.0	11397.0	415.0	9715.0	687.0	1121.0	10212.0	10262.0	9.0	17188.0	164.0	25.0	193.0	38179.0
2006	22	QUERETARO	16707.0	2464.0	52.0	3775.0	133.0	367.0	2541.0	2813.0	1.0	6956.0	121.0	0.0	0.0	14243.0
2006	23	QUINTANA ROO	24859.0	4369.0	119.0	5741.0	476.0	279.0	3615.0	5802.0	4.0	8909.0	22.0	3.0	8.0	20490.0
2006	24	SAN LUIS POTOSI	44410.0	7314.0	131.0	12033.0	264.0	304.0	8261.0	13116.0	1.0	10077.0	264.0	3.0	87.0	37096.0
2006	25	SINALOA	21095.0	5108.0	602.0	2390.0	143.0	1407.0	3997.0	3620.0	9.0	9372.0	123.0	34.0	0.0	15987.0
2006	26	SONORA	37321.0	7251.0	238.0	5854.0	302.0	774.0	4275.0	13626.0	3.0	12380.0	97.0	10.0	0.0	30070.0
2006	27	TABASCO	26597.0	6776.0	166.0	1874.0	300.0	440.0	4651.0	12106.0	0.0	6905.0	321.0	0.0	0.0	19821.0
2006	28	TAMAULIPAS	53246.0	10432.0	346.0	5500.0	446.0	727.0	8166.0	15974.0	17.0	22170.0	234.0	12.0	0.0	42814.0
2006	29	TLAXCALA	6565.0	2018.0	187.0	688.0	240.0	351.0	1110.0	1189.0	408.0	2521.0	45.0	1.0	12.0	4547.0
2006	30	VERACRUZ	70830.0	16579.0	434.0	17821.0	1291.0	1348.0	13296.0	18701.0	7.0	17501.0	656.0	3.0	206.0	54251.0
2006	31	YUCATAN	51170.0	8161.0	22.0	8528.0	271.0	232.0	8803.0	25733.0	0.0	7586.0	17.0	0.0	0.0	43009.0
2006	32	ZACATECAS	12521.0	2796.0	50.0	3115.0	171.0	200.0	2700.0	1800.0	2.0	4272.0	245.0	7.0	9.0	9725.0
2007	1	AGUASCALIENTES	18331.0	3163.0	49.0	4794.0	98.0	221.0	3297.0	3530.0	17.0	6272.0	97.0	2.0	3.0	15168.0
2007	2	BAJA CALIFORNIA	129212.0	20786.0	511.0	18349.0	510.0	511.0	14752.0	22232.0	20.0	72825.0	0.0	13.0	0.0	108426.0
2007	3	BAJA CALIFORNIA SUR	19781.0	2129.0	28.0	4082.0	142.0	96.0	1792.0	5073.0	0.0	8564.0	30.0	1.0	1.0	17652.0
2007	4	CAMPECHE	1654.0	405.0	36.0	274.0	73.0	150.0	139.0	598.0	3.0	348.0	16.0	0.0	53.0	1249.0
2007	5	COAHUILA	32891.0	5172.0	121.0	6891.0	178.0	366.0	4848.0	8944.0	2.0	11539.0	107.0	8.0	8.0	27719.0
2007	6	COLIMA	10654.0	2127.0	30.0	2121.0	95.0	104.0	1448.0	3967.0	0.0	2875.0	25.0	5.0	14.0	8527.0
2007	7	CHIAPAS	31170.0	6068.0	358.0	6852.0	234.0	1635.0	4328.0	10744.0	15.0	7012.0	271.0	3.0	76.0	25102.0
2007	8	CHIHUAHUA	51825.0	9355.0	617.0	7802.0	651.0	901.0	6125.0	6905.0	13.0	28982.0	340.0	15.0	91.0	42470.0
2007	9	CIUDAD DE MEXICO	162548.0	62327.0	714.0	27184.0	1343.0	1593.0	23844.0	21819.0	118.0	86598.0	0.0	49.0	0.0	100221.0
2007	10	DURANGO	8712.0	2119.0	250.0	2694.0	59.0	322.0	1780.0	2030.0	3.0	1759.0	62.0	1.0	2.0	6593.0
2007	11	GUANAJUATO	83899.0	11996.0	229.0	20218.0	187.0	1075.0	15648.0	21556.0	12.0	24964.0	233.0	6.0	0.0	71903.0
2007	12	GUERRERO	24547.0	7065.0	800.0	4338.0	391.0	1336.0	4649.0	7847.0	28.0	5835.0	76.0	32.0	15.0	17482.0
2007	13	HIDALGO	31585.0	6604.0	147.0	5517.0	241.0	370.0	6279.0	10948.0	5.0	7971.0	155.0	7.0	92.0	24981.0
2007	14	JALISCO	73610.0	13588.0	389.0	18029.0	742.0	1171.0	10215.0	17183.0	15.0	25898.0	316.0	8.0	33.0	60022.0
2007	15	MEXICO	246808.0	91406.0	1127.0	29194.0	2859.0	2514.0	58489.0	63274.0	52.0	89780.0	501.0	145.0	0.0	155402.0
2007	16	MICHOACAN	36236.0	5508.0	527.0	6826.0	289.0	1484.0	4899.0	5083.0	35.0	17388.0	217.0	15.0	0.0	30728.0
2007	17	MORELOS	43422.0	8828.0	113.0	7004.0	322.0	611.0	5417.0	16983.0	5.0	13012.0	62.0	3.0	3.0	34594.0
2007	18	NAYARIT	13609.0	2597.0	108.0	2533.0	129.0	364.0	1935.0	4134.0		4299.0	200.0	4.0	11.0	11012.0
2007	19	NUEVO LEON	53554.0	9152.0	283.0	6901.0	310.0	784.0	6691.0	3395.0	1.0	35332.0	70.0	56.0	14.0	44402.0
2007	20	OAXACA	32762.0	9073.0	948.0	7160.0	307.0	1258.0	5984.0	9782.0	9.0	8141.0	110.0	11.0	0.0	23689.0
2007	21	PUEBLA	53481.0	11943.0	401.0	11053.0	687.0	1218.0	11008.0	11302.0	5.0	17864.0	143.0	10.0	191.0	41538.0
2007	22	QUERETARO	17452.0	2976.0	57.0	3491.0	163.0	316.0	2602.0	2654.0	0.0	8134.0	90.0	2.0	0.0	14476.0
2007	23	QUINTANA ROO	26433.0	4575.0	176.0	5662.0	499.0	413.0	3533.0	6248.0	7.0	10010.0	16.0	38.0	7.0	21858.0
2007	24	SAN LUIS POTOSI	49659.0	9466.0	153.0	12075.0	397.0	412.0	8469.0	14737.0	3.0	13161.0	257.0	2.0	146.0	40193.0
2007	25	SINALOA	25684.0	5585.0	741.0	2214.0	165.0	1455.0	4132.0	7127.0	15.0	10425.0	141.0	10.0	0.0	20099.0
2007	26	SONORA	40489.0	8391.0	308.0	6899.0	310.0	915.0	5501.0	12510.0	5.0	14242.0	96.0	11.0	0.0	32098.0
2007	27	TABASCO	59351.0	14781.0	193.0	4124.0	452.0	449.0	8137.0	34515.0	10.0	11336.0	328.0	0.0	0.0	44570.0
2007	28	TAMAULIPAS	51794.0	10268.0	265.0	4560.0	496.0	733.0	7441.0	15280.0	20.0	23043.0	214.0	7.0	0.0	41526.0
2007	29	TLAXCALA	6586.0	1461.0	0.0	860.0	90.0	358.0	1235.0	1781.0	0.0	2208.0	52.0	0.0	2.0	5125.0
2007	30	VERACRUZ	76560.0	17546.0	478.0	19479.0	1334.0	1481.0	13962.0	19381.0	13.0	20158.0	544.0	4.0	204.0	59014.0
2007	31	YUCATAN	59174.0	8821.0	30.0	9090.0	279.0	275.0	9881.0	30295.0	0.0	9323.0	31.0	0.0	0.0	50353.0
2007	32	ZACATECAS	13513.0	3096.0	66.0	3208.0	167.0	242.0	2809.0	1889.0	4.0	4952.0	226.0	4.0	12.0	10417.0
2008	1	AGUASCALIENTES	19289.0	3246.0	63.0	4497.0	88.0	248.0	3050.0	3608.0	22.0	7690.0	75.0	3.0	8.0	16043.0
2008	2	BAJA CALIFORNIA	133762.0	24904.0	853.0	17033.0	531.0	853.0	15372.0	24783.0	115.0	75023.0	0.0	52.0	0.0	108858.0
2008	3	BAJA CALIFORNIA SUR	19669.0	2083.0	28.0	4234.0	136.0	107.0	1571.0	5229.0	5.0	8347.0	34.0	3.0	3.0	17586.0
2008	4	CAMPECHE	1560.0	371.0	45.0	177.0	85.0	127.0	137.0	596.0	0.0	401.0	22.0	0.0	15.0	1189.0
2008	5	COAHUILA	44115.0	7734.0	179.0	10339.0	171.0	499.0	6429.0	9373.0	5.0	17122.0	168.0	3.0	6.0	36381.0
2008	6	COLIMA	8915.0	1681.0	33.0	1843.0	99.0	102.0	1157.0	3278.0	4.0	2417.0	10.0	0.0	5.0	7234.0
2008	7	CHIAPAS	25392.0	5616.0	326.0	4985.0	207.0	1076.0	3360.0	8992.0	9.0	6436.0	251.0	0.0	76.0	19776.0
2008	8	CHIHUAHUA	69275.0	10475.0	2030.0	5211.0	732.0	2591.0	4408.0	17067.0	120.0	38433.0	541.0	130.0	42.0	58800.0
2008	9	CIUDAD DE MEXICO	172721.0	66950.0	713.0	24896.0	1270.0	1499.0	24335.0	27698.0	139.0	92848.0	0.0	36.0	0.0	105771.0
2008	10	DURANGO	15564.0	2659.0	430.0	1102.0	76.0	873.0	2015.0	4157.0	5.0	7270.0	55.0	3.0	8.0	12905.0
2008	11	GUANAJUATO	81571.0	11908.0	257.0	18593.0	223.0	1059.0	14305.0	17298.0	14.0	29758.0	316.0	5.0	0.0	69663.0
2008	12	GUERRERO	26483.0	8165.0	951.0	4958.0	413.0	1449.0	4787.0	7834.0	38.0	6913.0	59.0	19.0	13.0	18318.0
2008	13	HIDALGO	37755.0	7889.0	139.0	6173.0	287.0	400.0	7274.0	13058.0	16.0	10204.0	180.0	11.0	152.0	29866.0
2008	14	JALISCO	69941.0	14087.0	462.0	18279.0	631.0	1179.0	11232.0	15302.0	13.0	22984.0	267.0	6.0	48.0	55854.0
2008	15	MEXICO	255865.0	93561.0	1261.0	28843.0	2954.0	2118.0	53432.0	67594.0	136.0	100280.0	419.0	89.0	0.0	162304.0
2008	16	MICHOACAN	40547.0	7103.0	565.0	7497.0	354.0	1906.0	6050.0	5609.0	88.0	18767.0	258.0	18.0	0.0	33444.0
2008	17	MORELOS	44073.0	9975.0	135.0	6733.0	239.0	737.0	4883.0	17785.0	0.0	13613.0	76.0	7.0	0.0	34098.0
2008	18	NAYARIT	6987.0	1454.0	147.0	972.0	143.0	357.0	884.0	2170.0	3.0	2282.0	146.0	1.0	29.0	5533.0
2008	19	NUEVO LEON	51863.0	9446.0	263.0	5895.0	329.0	732.0	5892.0	2717.0	19.0	36161.0	41.0	72.0	5.0	42417.0
2008	20	OAXACA	27150.0	7743.0	733.0	5146.0	197.0	913.0	4915.0	8194.0	27.0	7540.0	61.0	15.0	142.0	19407.0
2008	21	PUEBLA	57447.0	12683.0	429.0	11829.0	712.0	1228.0	11808.0	11322.0	8.0	20081.0	186.0	27.0	246.0	44764.0
2008	22	QUERETARO	17623.0	3011.0	58.0	3171.0	146.0	251.0	2278.0	3062.0	2.0	8626.0	86.0	1.0	0.0	14612.0
2008	23	QUINTANA ROO	34709.0	6418.0	192.0	7919.0	451.0	606.0	4246.0	7564.0	10.0	13850.0	36.0	15.0	12.0	28291.0
2008	24	SAN LUIS POTOSI	38393.0	7465.0	218.0	8569.0	328.0	407.0	5597.0	12826.0	1.0	10163.0	220.0	1.0	281.0	30928.0
2008	25	SINALOA	25692.0	6308.0	1156.0	1663.0	126.0	1844.0	4086.0	6587.0	12.0	11162.0	95.0	117.0	0.0	19384.0
2008	26	SONORA	35776.0	7276.0	393.0	6550.0	267.0	946.0	4975.0	11063.0	8.0	11899.0	60.0	8.0	0.0	28500.0
2008	27	TABASCO	67934.0	16648.0	148.0	7409.0	502.0	557.0	9369.0	36988.0	34.0	12570.0	505.0	0.0	0.0	51286.0
2008	28	TAMAULIPAS	55214.0	10935.0	308.0	5646.0	554.0	864.0	8025.0	16610.0	21.0	23266.0	211.0	17.0	0.0	44279.0
2008	29	TLAXCALA	5369.0	1241.0	42.0	667.0	133.0	373.0	1017.0	1036.0	0.0	2083.0	51.0	1.0	8.0	4128.0
2008	30	VERACRUZ	68463.0	15864.0	477.0	17342.0	1227.0	1391.0	12130.0	17318.0	10.0	18451.0	406.0	4.0	184.0	52599.0
2008	31	YUCATAN	55330.0	8464.0	47.0	8261.0	314.0	273.0	9321.0	29513.0	0.0	7616.0	31.0	1.0	0.0	46866.0
2008	32	ZACATECAS	13607.0	3212.0	74.0	2984.0	142.0	194.0	2633.0	1676.0	23.0	5732.0	216.0	0.0	7.0	10395.0
2009	1	AGUASCALIENTES	20301.0	3763.0	66.0	4230.0	97.0	263.0	3404.0	3860.0	16.0	8317.0	100.0	1.0	13.0	16538.0
2009	2	BAJA CALIFORNIA	123014.0	26613.0	750.0	15410.0	572.0	750.0	14073.0	23399.0	103.0	68609.0	0.0	98.0	0.0	96401.0
2009	3	BAJA CALIFORNIA SUR	16261.0	1818.0	31.0	4004.0	112.0	77.0	1274.0	4818.0	3.0	5922.0	51.0	0.0	0.0	14443.0
2009	4	CAMPECHE	1493.0	365.0	41.0	117.0	62.0	106.0	134.0	534.0	0.0	495.0	33.0	0.0	12.0	1128.0
2009	5	COAHUILA	49798.0	8718.0	240.0	11396.0	183.0	586.0	6440.0	9899.0	17.0	20978.0	256.0	35.0	8.0	41080.0
2009	6	COLIMA	9016.0	1777.0	52.0	1207.0	107.0	111.0	1007.0	3933.0	1.0	2623.0	14.0	1.0	12.0	7239.0
2009	7	CHIAPAS	20859.0	4981.0	499.0	3567.0	781.0	1319.0	2712.0	6791.0	18.0	5347.0	227.0	3.0	94.0	15878.0
2009	8	CHIHUAHUA	67815.0	13430.0	3156.0	10869.0	747.0	3631.0	4130.0	8529.0	233.0	38857.0	663.0	97.0	59.0	54385.0
2009	9	CIUDAD DE MEXICO	188296.0	69509.0	747.0	29886.0	1344.0	1453.0	24834.0	32870.0	84.0	97772.0	0.0	53.0	0.0	118787.0
2009	10	DURANGO	15218.0	3232.0	930.0	558.0	69.0	1378.0	1782.0	5009.0	37.0	6331.0	46.0	8.0	0.0	11986.0
2009	11	GUANAJUATO	84439.0	12308.0	414.0	16945.0	313.0	1205.0	13607.0	18688.0	78.0	33175.0	425.0	3.0	0.0	72131.0
2009	12	GUERRERO	27624.0	8477.0	1431.0	4765.0	384.0	1980.0	4788.0	8024.0	51.0	7458.0	116.0	37.0	21.0	19147.0
2009	13	HIDALGO	37810.0	9143.0	137.0	6209.0	399.0	393.0	7658.0	11524.0	15.0	11088.0	210.0	4.0	310.0	28667.0
2009	14	JALISCO	71843.0	15501.0	570.0	18808.0	649.0	1364.0	12249.0	14781.0	17.0	23501.0	424.0	7.0	43.0	56342.0
2009	15	MEXICO	269927.0	101594.0	1345.0	27741.0	2990.0	2842.0	50201.0	74641.0	127.0	110674.0	464.0	247.0	0.0	168333.0
2009	16	MICHOACAN	41210.0	7650.0	728.0	7689.0	362.0	2265.0	6289.0	5320.0	98.0	18888.0	280.0	19.0	0.0	33560.0
2009	17	MORELOS	46603.0	13524.0	317.0	8138.0	368.0	998.0	5578.0	11694.0	33.0	19616.0	144.0	34.0	0.0	33079.0
2009	18	NAYARIT	6855.0	1324.0	148.0	1112.0	108.0	369.0	835.0	2155.0	4.0	2104.0	134.0	1.0	33.0	5531.0
2009	19	NUEVO LEON	46489.0	8516.0	267.0	4870.0	309.0	704.0	4897.0	2469.0	13.0	33142.0	49.0	22.0	14.0	37973.0
2009	20	OAXACA	56611.0	13066.0	752.0	11851.0	244.0	918.0	9131.0	22461.0	33.0	11629.0	95.0	56.0	193.0	43545.0
2009	21	PUEBLA	68795.0	15489.0	414.0	18425.0	613.0	1172.0	12813.0	12251.0	27.0	22919.0	214.0	27.0	334.0	53306.0
2009	22	QUERETARO	16390.0	2844.0	90.0	2520.0	146.0	288.0	1936.0	2387.0	3.0	9010.0	99.0	1.0	0.0	13546.0
2009	23	QUINTANA ROO	35785.0	7417.0	177.0	8190.0	485.0	686.0	4572.0	7526.0	6.0	14249.0	54.0	6.0	11.0	28368.0
2009	24	SAN LUIS POTOSI	40915.0	4683.0	158.0	8533.0	436.0	484.0	5991.0	12714.0	21.0	12081.0	406.0	19.0	230.0	36232.0
2009	25	SINALOA	26702.0	7040.0	1251.0	1556.0	146.0	1986.0	4328.0	6880.0	18.0	11526.0	137.0	125.0	0.0	19662.0
2009	26	SONORA	30506.0	6467.0	498.0	5470.0	325.0	981.0	3708.0	9333.0	4.0	10612.0	42.0	31.0	0.0	24039.0
2009	27	TABASCO	68417.0	16968.0	117.0	8632.0	466.0	515.0	8384.0	35465.0	16.0	14369.0	570.0	0.0	0.0	51449.0
2009	28	TAMAULIPAS	53295.0	10908.0	288.0	6230.0	529.0	885.0	7447.0	15652.0	52.0	22283.0	204.0	13.0	0.0	42387.0
2009	29	TLAXCALA	4378.0	905.0	48.0	550.0	35.0	307.0	745.0	768.0	3.0	1888.0	80.0	0.0	2.0	3473.0
2009	30	VERACRUZ	49615.0	11245.0	347.0	12155.0	903.0	1113.0	8663.0	13056.0	0.0	13239.0	293.0	1.0	192.0	38370.0
2009	31	YUCATAN	56939.0	8958.0	33.0	7746.0	340.0	202.0	8921.0	31988.0	0.0	7718.0	24.0	0.0	0.0	47981.0
2009	32	ZACATECAS	12532.0	2908.0	76.0	2546.0	147.0	215.0	2085.0	1746.0	31.0	5397.0	249.0	5.0	111.0	9624.0
2010	1	AGUASCALIENTES	20122.0	3245.0	75.0	4028.0	87.0	273.0	3047.0	3974.0	10.0	8559.0	120.0	3.0	21.0	16877.0
2010	2	BAJA CALIFORNIA	110811.0	22298.0	884.0	13283.0	562.0	884.0	12041.0	20945.0	79.0	62976.0	0.0	41.0	0.0	88513.0
2010	3	BAJA CALIFORNIA SUR	15778.0	1674.0	48.0	3580.0	131.0	92.0	1055.0	4490.0	1.0	6402.0	27.0	0.0	0.0	14104.0
2010	4	CAMPECHE	2054.0	429.0	59.0	210.0	132.0	120.0	91.0	745.0	3.0	724.0	13.0	1.0	15.0	1625.0
2010	5	COAHUILA	49777.0	9826.0	407.0	10607.0	180.0	767.0	6076.0	8175.0	91.0	23624.0	212.0	35.0	10.0	39951.0
2010	6	COLIMA	7658.0	1790.0	93.0	713.0	61.0	148.0	535.0	3101.0	5.0	3056.0	16.0	3.0	20.0	5868.0
2010	7	CHIAPAS	23152.0	6313.0	513.0	4081.0	650.0	1368.0	2884.0	7045.0	24.0	6712.0	271.0	3.0	114.0	16839.0
2010	8	CHIHUAHUA	69632.0	16134.0	3903.0	9501.0	673.0	4368.0	3470.0	11138.0	130.0	39731.0	363.0	138.0	120.0	53498.0
2010	9	CIUDAD DE MEXICO	195534.0	70032.0	811.0	30795.0	1281.0	1531.0	25855.0	36663.0	60.0	99305.0	1.0	43.0	0.0	125502.0
2010	10	DURANGO	30068.0	5972.0	1024.0	4497.0	85.0	1383.0	2214.0	6055.0	79.0	15557.0	139.0	24.0	35.0	24096.0
2010	11	GUANAJUATO	79363.0	10955.0	437.0	17100.0	399.0	1199.0	12103.0	17822.0	53.0	30313.0	365.0	9.0	0.0	68408.0
2010	12	GUERRERO	24871.0	7336.0	1500.0	4028.0	386.0	2009.0	4176.0	7406.0	43.0	6795.0		8.0	20.0	17535.0
2010	13	HIDALGO	41110.0	8824.0	134.0	6810.0	496.0	385.0	7467.0	12232.0	35.0	13054.0	235.0	13.0	383.0	32286.0
2010	14	JALISCO	84844.0	17736.0	888.0	18622.0	712.0	1750.0	11984.0	17404.0	25.0	33810.0	445.0	31.0	61.0	67108.0
2010	15	MEXICO	268419.0	103894.0	1153.0	24218.0	3001.0	2616.0	46782.0	76380.0	171.0	114582.0	444.0	225.0	0.0	164525.0
2010	16	MICHOACAN	33096.0	6594.0	661.0	5242.0	354.0	2029.0	4521.0	3877.0	136.0	16643.0	219.0	15.0	60.0	26502.0
2010	17	MORELOS	44235.0	14072.0	559.0	7777.0	344.0	1108.0	4876.0	10296.0	28.0	19674.0	85.0	47.0	0.0	30163.0
2010	18	NAYARIT	7623.0	1498.0	367.0	1238.0	113.0	609.0	672.0	2162.0	1.0	2705.0	95.0	2.0	26.0	6125.0
2010	19	NUEVO LEON	66367.0	16520.0	828.0	4181.0	321.0	1269.0	5109.0	16631.0	18.0	38759.0	33.0	31.0	15.0	49847.0
2010	20	OAXACA	56846.0	13173.0	666.0	12727.0	225.0	842.0	8682.0	21235.0	26.0	12776.0	99.0	60.0	174.0	43673.0
2010	21	PUEBLA	69349.0	17771.0	415.0	16312.0	598.0	1111.0	13145.0	12645.0	29.0	24727.0	225.0	14.0	543.0	51578.0
2010	22	QUERETARO	19351.0	3238.0	59.0	2759.0	162.0	278.0	2140.0	2653.0	9.0	11196.0	152.0	2.0	0.0	16113.0
2010	23	QUINTANA ROO	34965.0	6726.0	234.0	7606.0	472.0	665.0	4070.0	7299.0	24.0	14747.0	47.0	17.0	18.0	28239.0
2010	24	SAN LUIS POTOSI	44522.0	8078.0	417.0	9745.0	405.0	752.0	6082.0	12766.0	11.0	14064.0	291.0	4.0	402.0	36444.0
2010	25	SINALOA	33809.0	13964.0	2250.0	2758.0	121.0	2863.0	4562.0	7021.0	17.0	16185.0	129.0	153.0		19845.0
2010	26	SONORA	29410.0	6098.0	654.0	4989.0	303.0	1159.0	3085.0	8338.0	6.0	11434.0	61.0	35.0	0.0	23312.0
2010	27	TABASCO	66747.0	17394.0	143.0	7198.0	456.0	539.0	7788.0	33915.0	26.0	16319.0	506.0	0.0	0.0	49353.0
2010	28	TAMAULIPAS	47633.0	11404.0	721.0	4585.0	492.0	1288.0	5492.0	11977.0	47.0	23506.0	154.0	32.0	60.0	36229.0
2010	29	TLAXCALA	5341.0	1010.0	48.0	607.0	42.0	392.0	749.0	782.0	1.0	2704.0	64.0	0.0	0.0	4331.0
2010	30	VERACRUZ	69719.0	15718.0	583.0	15842.0	1223.0	1467.0	10379.0	17111.0	17.0	22748.0	549.0	4.0	379.0	54001.0
2010	31	YUCATAN	54810.0	8300.0	36.0	8418.0	322.0	169.0	7735.0	29617.0	0.0	8524.0	25.0	0.0	0.0	46510.0
2010	32	ZACATECAS	14317.0	3827.0	110.0	2672.0	119.0	280.0	1870.0	1560.0	17.0	7473.0	271.0	2.0	53.0	10490.0
2011	1	AGUASCALIENTES	23610.0	3563.0	71.0	3262.0	127.0	219.0	2784.0	4603.0	7.0	12475.0	125.0	0.0	8.0	20047.0
2011	2	BAJA CALIFORNIA	115328.0	20817.0	673.0	12544.0	683.0	673.0	10995.0	20194.0	64.0	70147.0	0.0	28.0	0.0	94511.0
2011	3	BAJA CALIFORNIA SUR	18443.0	1809.0	38.0	3275.0	149.0	80.0	1159.0	5466.0	3.0	8272.0	35.0	2.0	2.0	16634.0
2011	4	CAMPECHE	2488.0	557.0	59.0	421.0	158.0	120.0	236.0	926.0	3.0	601.0	15.0	0.0	8.0	1931.0
2011	5	COAHUILA	48882.0	10560.0	660.0	9717.0	204.0	946.0	5950.0	10302.0	16.0	21468.0	201.0	13.0	65.0	38322.0
2011	6	COLIMA	10136.0	1562.0	165.0	657.0	132.0	244.0	546.0	3091.0	8.0	5412.0	15.0	2.0	29.0	8574.0
2011	7	CHIAPAS	24945.0	7719.0	613.0	3776.0	799.0	1632.0	2798.0	7527.0	30.0	7883.0	354.0	2.0	144.0	17226.0
2011	8	CHIHUAHUA	65560.0	15243.0	3085.0	10079.0	697.0	3555.0	3569.0	15006.0	97.0	31916.0	384.0	104.0	153.0	50317.0
2011	9	CIUDAD DE MEXICO	185476.0	56408.0	779.0	31177.0	1162.0	1528.0	17675.0	41695.0	54.0	92122.0	1.0	62.0	0.0	129068.0
2011	10	DURANGO	31386.0	7336.0	764.0	4781.0	225.0	1037.0	3325.0	6256.0	67.0	15502.0	141.0	16.0	36.0	24050.0
2011	11	GUANAJUATO	81378.0	10340.0	604.0	16466.0	387.0	1457.0	12191.0	18420.0	27.0	31951.0	469.0	10.0	0.0	71038.0
2011	12	GUERRERO	43298.0	9393.0	2158.0	4421.0	419.0	2703.0	4202.0	16032.0	137.0	14720.0	62.0	22.0	580.0	33905.0
2011	13	HIDALGO	30228.0	5549.0	111.0	4706.0	287.0	371.0	4888.0	9446.0	13.0	10057.0	191.0	14.0	255.0	24679.0
2011	14	JALISCO	87382.0	18725.0	1222.0	16645.0	840.0	1976.0	12218.0	19720.0	46.0	35327.0	418.0	111.0	81.0	68657.0
2011	15	MEXICO	267417.0	103973.0	1512.0	21104.0	2895.0	2825.0	47894.0	83484.0	103.0	108506.0	368.0	238.0	0.0	163444.0
2011	16	MICHOACAN	33740.0	7322.0	773.0	4826.0	369.0	2272.0	4179.0	4030.0	130.0	17098.0	245.0	20.0	571.0	26418.0
2011	17	MORELOS	41767.0	12775.0	556.0	6614.0	428.0	1098.0	4905.0	10339.0	26.0	18178.0	79.0	2.0	98.0	28992.0
2011	18	NAYARIT	7528.0	1635.0	456.0	1341.0	100.0	710.0	663.0	2061.0	10.0	2545.0	77.0	1.0	20.0	5893.0
2011	19	NUEVO LEON	71310.0	26335.0	2003.0	3497.0	476.0	2512.0	4327.0	17513.0	51.0	42809.0	50.0	43.0	32.0	44975.0
2011	20	OAXACA	49250.0	11285.0	641.0	11366.0	174.0	761.0	7107.0	17172.0	63.0	12337.0	79.0	35.0	156.0	37965.0
2011	21	PUEBLA	83225.0	20973.0	619.0	14873.0	740.0	1384.0	13731.0	16701.0	63.0	35094.0	224.0	10.0	405.0	62252.0
2011	22	QUERETARO	23346.0	4179.0	98.0	3557.0	220.0	314.0	2775.0	3667.0	6.0	12656.0	147.0	4.0	0.0	19167.0
2011	23	QUINTANA ROO	32900.0	6034.0	269.0	6880.0	455.0	650.0	3809.0	7483.0	21.0	13541.0	34.0	16.0	11.0	26866.0
2011	24	SAN LUIS POTOSI	37308.0	7101.0	402.0	8117.0	280.0	725.0	4916.0	9925.0	40.0	12803.0	269.0	1.0	232.0	30207.0
2011	25	SINALOA	36542.0	14348.0	1906.0	2785.0	147.0	2587.0	4544.0	7451.0	33.0	18736.0	105.0	154.0		22194.0
2011	26	SONORA	30769.0	6635.0	472.0	4551.0	359.0	979.0	3095.0	9190.0	9.0	12483.0	75.0	28.0	0.0	24134.0
2011	27	TABASCO	67091.0	17809.0	162.0	6806.0	498.0	527.0	7629.0	34049.0	75.0	16998.0	509.0	0.0	0.0	49282.0
2011	28	TAMAULIPAS	48861.0	14556.0	855.0	3218.0	599.0	1372.0	4930.0	11065.0	129.0	27230.0	179.0	12.0	127.0	34305.0
2011	29	TLAXCALA	7080.0	1550.0	71.0	680.0	100.0	469.0	977.0	1045.0	3.0	3658.0	89.0	0.0	59.0	5530.0
2011	30	VERACRUZ	74197.0	17359.0	890.0	14827.0	1118.0	1823.0	9796.0	19754.0	60.0	25997.0	543.0	13.0	266.0	56838.0
2011	31	YUCATAN	49841.0	8849.0	46.0	11192.0	386.0	166.0	6446.0	23901.0	0.0	7713.0	36.0	1.0	0.0	40992.0
2011	32	ZACATECAS	14224.0	4321.0	119.0	2658.0	138.0	237.0	1911.0	1731.0	38.0	7207.0	228.0	0.0	76.0	9903.0
2012	1	AGUASCALIENTES	23937.0	3606.0	44.0	4075.0	140.0	190.0	3874.0	4006.0	0.0	11478.0	136.0	4.0	34.0	20331.0
2012	2	BAJA CALIFORNIA	108682.0	18893.0	590.0	10175.0	633.0	789.0	10810.0	22959.0	30.0	63273.0	0.0	13.0	0.0	89789.0
2012	3	BAJA CALIFORNIA SUR	20889.0	2178.0	35.0	3509.0	143.0	82.0	1393.0	6588.0	0.0	9140.0	34.0	0.0	0.0	18711.0
2012	4	CAMPECHE	1266.0	406.0	69.0	99.0	152.0	128.0	58.0	419.0	3.0	390.0	9.0	0.0	8.0	860.0
2012	5	COAHUILA	48642.0	11061.0	771.0	8909.0	207.0	1059.0	6011.0	10086.0	24.0	22033.0	219.0	2.0	92.0	37581.0
2012	6	COLIMA	12518.0	2124.0	287.0	657.0	126.0	379.0	532.0	4435.0	6.0	6316.0	15.0	6.0	46.0	10394.0
2012	7	CHIAPAS	23095.0	7153.0	573.0	3332.0	754.0	1612.0	2519.0	7389.0	13.0	7075.0	276.0	0.0	125.0	15942.0
2012	8	CHIHUAHUA	61039.0	10903.0	1997.0	10692.0	808.0	2479.0	3828.0	19809.0	53.0	22962.0	338.0	70.0	0.0	50136.0
2012	9	CIUDAD DE MEXICO	179146.0	47188.0	779.0	31578.0	843.0	1500.0	14499.0	41960.0	65.0	88646.0	0.0	55.0	0.0	131958.0
2012	10	DURANGO	27314.0	4860.0	618.0	4875.0	189.0	924.0	2502.0	7019.0	50.0	11597.0	131.0	6.0	21.0	22454.0
2012	11	GUANAJUATO	79068.0	13685.0	771.0	15049.0	429.0	1872.0	11084.0	18871.0	12.0	31288.0	442.0	21.0	0.0	65383.0
2012	12	GUERRERO	39978.0	10587.0	2310.0	3918.0	351.0	2754.0	3972.0	13683.0	165.0	14216.0	73.0	25.0	821.0	29391.0
2012	13	HIDALGO	29367.0	5382.0	83.0	4267.0	232.0	715.0	4483.0	10105.0	23.0	9076.0	184.0	18.0	264.0	23985.0
2012	14	JALISCO	89854.0	18212.0	1184.0	16586.0	890.0	1933.0	11346.0	24218.0	72.0	34216.0	474.0	58.0	61.0	71642.0
2012	15	MEXICO	269116.0	95789.0	2130.0	18745.0	2530.0	3804.0	46184.0	96102.0	130.0	101037.0	367.0	217.0	0.0	173327.0
2012	16	MICHOACAN	33187.0	6803.0	755.0	4791.0	420.0	2287.0	3260.0	4593.0	135.0	17030.0	217.0	24.0	430.0	26384.0
2012	17	MORELOS	46664.0	15310.0	862.0	6889.0	417.0	1425.0	5183.0	11247.0	92.0	21126.0	172.0	27.0	86.0	31354.0
2012	18	NAYARIT	7113.0	1398.0	244.0	1134.0	98.0	442.0	694.0	2471.0	22.0	2156.0	66.0	0.0	30.0	5715.0
2012	19	NUEVO LEON	59961.0	16498.0	1459.0	3751.0	465.0	1989.0	5539.0	21149.0	61.0	26785.0	155.0	47.0	20.0	43463.0
2012	20	OAXACA	50272.0	10385.0	472.0	9146.0	142.0	774.0	7299.0	21608.0	56.0	11058.0	69.0	30.0	90.0	39887.0
2012	21	PUEBLA	91651.0	23930.0	578.0	14689.0	730.0	1392.0	11869.0	22965.0	29.0	39359.0	252.0	11.0	355.0	67721.0
2012	22	QUERETARO	26032.0	4571.0	110.0	3606.0	247.0	341.0	3047.0	5734.0	7.0	12899.0	149.0	2.0	0.0	21461.0
2012	23	QUINTANA ROO	35284.0	5873.0	250.0	7285.0	446.0	639.0	4355.0	8307.0	16.0	14166.0	42.0	18.0	10.0	29411.0
2012	24	SAN LUIS POTOSI	31521.0	6968.0	396.0	7071.0	335.0	588.0	4662.0	10085.0	25.0	8307.0	243.0	6.0	199.0	24553.0
2012	25	SINALOA	34711.0	12140.0	1468.0	2761.0	173.0	2066.0	4697.0	8171.0	32.0	16630.0	130.0	51.0		22571.0
2012	26	SONORA	34198.0	6786.0	501.0	4724.0	354.0	1029.0	3211.0	11969.0	6.0	12827.0	75.0	3.0	0.0	27412.0
2012	27	TABASCO	65613.0	17208.0	124.0	6271.0	503.0	529.0	7449.0	34729.0	58.0	15482.0	558.0	0.0	34.0	48405.0
2012	28	TAMAULIPAS	44309.0	14074.0	1016.0	2597.0	556.0	1509.0	4832.0	10768.0	123.0	23620.0	145.0	14.0	145.0	30235.0
2012	29	TLAXCALA	7473.0	1788.0	59.0	679.0	34.0	513.0	1043.0	1071.0	3.0	3718.0	107.0	1.0	304.0	5685.0
2012	30	VERACRUZ	77830.0	17251.0	968.0	15328.0	752.0	1921.0	9526.0	21965.0	91.0	27224.0	764.0	14.0	245.0	60579.0
2012	31	YUCATAN	46715.0	7895.0	38.0	10003.0	338.0	218.0	5378.0	23795.0	0.0	6934.0	49.0	0.0	0.0	38820.0
2012	32	ZACATECAS	15978.0	4162.0	195.0	2790.0	129.0	342.0	2101.0	2514.0	16.0	7808.0	243.0	5.0	30.0	11816.0
2013	1	AGUASCALIENTES	22085.0	3290.0	39.0	4136.0	134.0	167.0	3531.0	4184.0	1.0	9732.0	190.0	1.0	9.0	18795.0
2013	2	BAJA CALIFORNIA	104029.0	18396.0	775.0	9630.0	564.0	922.0	9925.0	25840.0	33.0	57093.0		22.0		85633.0
2013	3	BAJA CALIFORNIA SUR	23517.0	2149.0		3776.0	136.0	33.0	1585.0	7553.0	0.0	10388.0	46.0	0.0	0.0	21368.0
2013	4	CAMPECHE	1775.0	605.0	67.0	255.0	116.0	137.0	122.0	430.0	1.0	676.0	23.0	0.0	15.0	1170.0
2013	5	COAHUILA	49329.0	11496.0	645.0	9718.0	200.0	948.0	6107.0	11615.0	29.0	20315.0	281.0	37.0	79.0	37833.0
2013	6	COLIMA	11187.0	1961.0	178.0	530.0	75.0	243.0	525.0	4884.0	3.0	4862.0	20.0	5.0	40.0	9226.0
2013	7	CHIAPAS	24215.0	7716.0	503.0	2945.0	850.0	1619.0	2220.0	8387.0	12.0	7616.0	442.0	2.0	122.0	16499.0
2013	8	CHIHUAHUA	61478.0	8549.0	1443.0	11385.0	819.0	1824.0	3973.0	23115.0	32.0	19829.0	422.0	79.0	0.0	52929.0
2013	9	CIUDAD DE MEXICO	176816.0	41542.0	749.0	29479.0	564.0	1464.0	14405.0	45339.0	60.0	85440.0	0.0	65.0	0.0	135274.0
2013	10	DURANGO	26809.0	4980.0	476.0	4588.0	245.0	756.0	2683.0	6211.0	21.0	12084.0	162.0	18.0	41.0	21829.0
2013	11	GUANAJUATO	80622.0	17376.0	641.0	15590.0	605.0	2035.0	11002.0	22437.0	17.0	28321.0	578.0	37.0	0.0	63246.0
2013	12	GUERRERO	39664.0	9666.0	2087.0	4028.0	373.0	2581.0	3870.0	14577.0	207.0	13169.0	59.0	33.0	767.0	29998.0
2013	13	HIDALGO	34435.0	7308.0	123.0	5391.0	421.0	828.0	5399.0	11624.0	21.0	10129.0	266.0	35.0	321.0	27127.0
2013	14	JALISCO	101974.0	21120.0	1099.0	16966.0	522.0	1848.0	10720.0	27115.0	69.0	43931.0	618.0	139.0	46.0	80854.0
2013	15	MEXICO	272996.0	105581.0	1932.0	20242.0	2325.0	3931.0	48811.0	91185.0	191.0	105682.0	337.0	292.0		167415.0
2013	16	MICHOACAN	33284.0	7676.0	902.0	4751.0	437.0	2410.0	3472.0	5084.0	194.0	16596.0	218.0	46.0	76.0	25608.0
2013	17	MORELOS	49647.0	13016.0	597.0	6923.0	429.0	1178.0	5081.0	13952.0	150.0	21256.0	607.0	7.0	64.0	36631.0
2013	18	NAYARIT	7412.0	1195.0	124.0	1469.0	110.0	241.0	581.0	3096.0		1857.0	58.0			6217.0
2013	19	NUEVO LEON	69372.0	12849.0	719.0	6555.0	515.0	1251.0	8901.0	31273.0	46.0	20485.0	308.0	26.0	12.0	56523.0
2013	20	OAXACA	44816.0	9956.0	536.0	8620.0	197.0	1171.0	6093.0	16369.0	45.0	11935.0	156.0	85.0	145.0	34860.0
2013	21	PUEBLA	81428.0	21406.0	409.0	12380.0	449.0	1067.0	9010.0	19833.0	33.0	38123.0	311.0	6.0	216.0	60022.0
2013	22	QUERETARO	27863.0	4853.0	111.0	3843.0	233.0	293.0	3160.0	6376.0	6.0	13795.0	154.0	3.0	0.0	23010.0
2013	23	QUINTANA ROO	35244.0	5070.0	214.0	7119.0	463.0	564.0	3773.0	9064.0	12.0	14196.0	53.0			30174.0
2013	24	SAN LUIS POTOSI	20104.0	4006.0	261.0	4242.0	229.0	352.0	2877.0	8000.0	19.0	4130.0	182.0	0.0	73.0	16098.0
2013	25	SINALOA	33777.0	10216.0	1208.0	2047.0	153.0	1826.0	4889.0	9594.0	34.0	15035.0	120.0	79.0		23561.0
2013	26	SONORA	34492.0	6255.0	575.0	4503.0	313.0	1003.0	3017.0	13461.0	11.0	12096.0	78.0	10.0		28237.0
2013	27	TABASCO	61819.0	15545.0	140.0	5400.0	427.0	531.0	6248.0	32571.0	104.0	15951.0	551.0	0.0	36.0	46274.0
2013	28	TAMAULIPAS	36739.0	11787.0	556.0	2391.0	518.0	1046.0	4370.0	9972.0	196.0	18006.0	143.0	28.0	69.0	24952.0
2013	29	TLAXCALA	7993.0	1768.0	70.0	1008.0	30.0	414.0	1073.0	1394.0	2.0	3645.0	96.0	2.0	329.0	6225.0
2013	30	VERACRUZ	72140.0	16011.0	863.0	13868.0	595.0	1723.0	7914.0	20434.0	109.0	26463.0	796.0	9.0	229.0	56129.0
2013	31	YUCATAN	44594.0	6848.0	40.0	10764.0	380.0	131.0	4972.0	22226.0	1.0	6037.0	83.0	0.0	0.0	37746.0
2013	32	ZACATECAS	14542.0	2859.0	167.0	2562.0	110.0	279.0	1617.0	2677.0	19.0	6960.0	310.0	4.0	4.0	11683.0
2014	1	AGUASCALIENTES	21155.0	2964.0	42.0	4014.0	109.0	238.0	3247.0	4103.0	1.0	9212.0	222.0	2.0	7.0	18191.0
2014	2	BAJA CALIFORNIA	107284.0	19566.0	714.0	10155.0	679.0	1153.0	10781.0	30301.0	41.0	54154.0		20.0		87718.0
2014	3	BAJA CALIFORNIA SUR	22383.0	2284.0	70.0	3261.0	129.0	109.0	1602.0	7876.0	0.0	9366.0	40.0	0.0	0.0	20099.0
2014	4	CAMPECHE	1961.0	612.0	65.0	311.0	151.0	147.0	154.0	485.0	2.0	658.0	28.0	1.0	24.0	1349.0
2014	5	COAHUILA	51412.0	10210.0	390.0	10446.0	178.0	723.0	6254.0	15829.0	16.0	17512.0	419.0	21.0	14.0	41202.0
2014	6	COLIMA	9464.0	1702.0	99.0	441.0	45.0	153.0	476.0	4668.0	4.0	3640.0	12.0	4.0	21.0	7762.0
2014	7	CHIAPAS	22935.0	7404.0	409.0	2421.0	778.0	1618.0	1771.0	8119.0	11.0	7472.0	613.0	1.0	131.0	15531.0
2014	8	CHIHUAHUA	58674.0	7796.0	1086.0	10630.0	827.0	1422.0	4561.0	24589.0	8.0	16044.0	461.0	132.0	0.0	50878.0
2014	9	CIUDAD DE MEXICO	179849.0	34829.0	749.0	29655.0	533.0	1450.0	12553.0	49937.0	62.0	85596.0	0.0	63.0	0.0	145020.0
2014	10	DURANGO	24930.0	4771.0	315.0	3240.0	265.0	612.0	2521.0	6781.0	10.0	11294.0	174.0	11.0	22.0	20159.0
2014	11	GUANAJUATO	94104.0	19981.0	709.0	14364.0	654.0	2182.0	12646.0	30457.0	16.0	33191.0	558.0	36.0	0.0	74123.0
2014	12	GUERRERO	39136.0	9281.0	1514.0	3872.0	350.0	2197.0	3983.0	14605.0	110.0	13156.0	68.0	34.0	761.0	29855.0
2014	13	HIDALGO	31826.0	6592.0	141.0	5069.0	439.0	738.0	4692.0	11502.0	18.0	9031.0	187.0	11.0	139.0	25234.0
2014	14	JALISCO	91526.0	15842.0	900.0	16168.0	418.0	1662.0	10093.0	31205.0	22.0	31141.0	705.0	61.0	51.0	75684.0
2014	15	MEXICO	240833.0	89011.0	1994.0	17877.0	1959.0	4020.0	46541.0	84039.0	176.0	85566.0	436.0	219.0		151822.0
2014	16	MICHOACAN	35369.0	7269.0	904.0	3493.0	420.0	2365.0	4190.0	7827.0	83.0	16602.0	298.0	51.0	40.0	28100.0
2014	17	MORELOS	48540.0	10937.0	416.0	6421.0	440.0	860.0	4244.0	16631.0	115.0	19490.0	302.0	12.0	25.0	37603.0
2014	18	NAYARIT	7124.0	1069.0	84.0	1344.0	119.0	165.0	595.0	3465.0		1405.0	30.0	1.0	0.0	6055.0
2014	19	NUEVO LEON	71280.0	13102.0	490.0	7322.0	599.0	981.0	8847.0	37933.0	40.0	15170.0	333.0	37.0	18.0	58178.0
2014	20	OAXACA	34626.0	8973.0	640.0	5113.0	266.0	1405.0	5209.0	11806.0	35.0	10174.0	279.0	70.0	269.0	25653.0
2014	21	PUEBLA	71706.0	16024.0	338.0	12984.0	340.0	900.0	7435.0	19954.0	33.0	29501.0	312.0	12.0	235.0	55682.0
2014	22	QUERETARO	35177.0	6791.0	103.0	4883.0	335.0	407.0	4168.0	8882.0	8.0	16245.0	242.0	7.0	0.0	28386.0
2014	23	QUINTANA ROO	30664.0	5018.0	172.0	5703.0	465.0	467.0	3371.0	8252.0	6.0	12322.0	34.0	37.0	7.0	25646.0
2014	24	SAN LUIS POTOSI	17499.0	3436.0	229.0	3246.0	147.0	326.0	2514.0	6637.0	13.0	4406.0	157.0	4.0	49.0	14063.0
2014	25	SINALOA	31590.0	9039.0	986.0	1937.0	176.0	1647.0	4865.0	9795.0	20.0	12923.0	135.0	92.0		22551.0
2014	26	SONORA	31182.0	5318.0	568.0	3840.0	272.0	977.0	2596.0	12899.0	11.0	10469.0	105.0	13.0		25864.0
2014	27	TABASCO	60705.0	15436.0	168.0	5101.0	332.0	589.0	5924.0	30816.0	100.0	17173.0	670.0	0.0	0.0	45269.0
2014	28	TAMAULIPAS	44637.0	11200.0	628.0	3033.0	546.0	1368.0	4792.0	16663.0	262.0	17682.0	203.0	33.0	55.0	33437.0
2014	29	TLAXCALA	7984.0	1817.0	61.0	895.0	29.0	360.0	1054.0	1480.0	7.0	3631.0	140.0	15.0	373.0	6167.0
2014	30	VERACRUZ	48480.0	10693.0	487.0	9236.0	243.0	1012.0	5667.0	13654.0	144.0	17870.0	542.0	9.0	103.0	37787.0
2014	31	YUCATAN	31374.0	4573.0	42.0	8175.0	254.0	104.0	4937.0	14963.0	0.0	2834.0	107.0	0.0	0.0	26801.0
2014	32	ZACATECAS	16072.0	3274.0	114.0	2861.0	141.0	248.0	1810.0	3187.0	16.0	7326.0	474.0	1.0	8.0	12798.0
2015	1	AGUASCALIENTES	22574.0	3086.0	39.0	3354.0	120.0	213.0	3278.0	4755.0	5.0	10607.0	228.0	2.0	12.0	19488.0
2015	2	BAJA CALIFORNIA	104653.0	17588.0	830.0	10367.0	687.0	1229.0	10547.0	34415.0	11.0	47392.0		5.0		87065.0
2015	3	BAJA CALIFORNIA SUR	21415.0	2319.0	151.0	3090.0	135.0	201.0	1559.0	7317.0	0.0	9059.0	54.0	0.0	0.0	19096.0
2015	4	CAMPECHE	1722.0	431.0	53.0	233.0	79.0	122.0	118.0	308.0	6.0	794.0	46.0	0.0	16.0	1291.0
2015	5	COAHUILA	46569.0	7838.0	294.0	10225.0	105.0	551.0	5832.0	16692.0	25.0	12835.0	279.0	20.0	5.0	38731.0
2015	6	COLIMA	6561.0	889.0	167.0	294.0	24.0	227.0	294.0	2728.0	4.0	2965.0	7.0	3.0	15.0	5672.0
2015	7	CHIAPAS	21618.0	7568.0	502.0	2215.0	741.0	1552.0	1456.0	7714.0	10.0	7335.0	419.0	12.0	164.0	14050.0
2015	8	CHIHUAHUA	61280.0	7841.0	945.0	10517.0	917.0	1285.0	4873.0	27607.0	6.0	15538.0	432.0	105.0	0.0	53439.0
2015	9	CIUDAD DE MEXICO	169701.0	32115.0	854.0	27801.0	711.0	1641.0	11262.0	50796.0	55.0	77410.0	0.0	25.0	0.0	137586.0
2015	10	DURANGO	29088.0	5187.0	238.0	5199.0	190.0	496.0	3921.0	8910.0	6.0	10084.0	257.0	19.0	6.0	23901.0
2015	11	GUANAJUATO	95782.0	18786.0	879.0	12720.0	724.0	2414.0	10657.0	37604.0	8.0	30928.0	669.0	58.0	0.0	76996.0
2015	12	GUERRERO	36783.0	8725.0	2016.0	3567.0	305.0	2721.0	3529.0	13980.0	81.0	11838.0	22.0	21.0	719.0	28058.0
2015	13	HIDALGO	27504.0	5158.0	143.0	3883.0	349.0	650.0	3693.0	9242.0	19.0	9416.0	180.0	40.0	32.0	22346.0
2015	14	JALISCO	95329.0	16739.0	1017.0	17115.0	373.0	1796.0	11286.0	37187.0	20.0	26811.0	652.0	55.0	34.0	78590.0
2015	15	MEXICO	202205.0	72601.0	2070.0	14197.0	1545.0	3005.0	38326.0	72860.0	163.0	71706.0	283.0	120.0		129604.0
2015	16	MICHOACAN	30898.0	8867.0	777.0	2269.0	319.0	2052.0	4330.0	5896.0	31.0	15658.0	280.0	47.0	16.0	22031.0
2015	17	MORELOS	49245.0	10699.0	495.0	6635.0	417.0	884.0	4685.0	16024.0	32.0	20273.0	251.0	44.0	0.0	38546.0
2015	18	NAYARIT	6362.0	1069.0	71.0	1091.0	117.0	135.0	703.0	2894.0	10.0	1358.0	49.0	0.0	5.0	5293.0
2015	19	NUEVO LEON	72350.0	12606.0	451.0	7328.0	614.0	989.0	8261.0	40603.0	21.0	14327.0	175.0	17.0	15.0	59744.0
2015	20	OAXACA	34156.0	9342.0	752.0	4843.0	398.0	1740.0	5489.0	10721.0	25.0	10351.0	290.0	29.0	270.0	24814.0
2015	21	PUEBLA	64399.0	17317.0	499.0	11531.0	548.0	1212.0	9068.0	18841.0	33.0	22457.0	320.0	6.0	383.0	47082.0
2015	22	QUERETARO	32817.0	6705.0	139.0	4416.0	323.0	455.0	3345.0	7416.0	19.0	16518.0	319.0	6.0	0.0	26112.0
2015	23	QUINTANA ROO	32496.0	5107.0	228.0	6138.0	519.0	571.0	3646.0	8965.0	5.0	12570.0	42.0	17.0	23.0	27389.0
2015	24	SAN LUIS POTOSI	21419.0	4085.0	241.0	4439.0	275.0	392.0	2723.0	7536.0	21.0	5770.0	225.0	1.0	37.0	17334.0
2015	25	SINALOA	26808.0	7030.0	993.0	1684.0	193.0	1674.0	3996.0	9028.0	12.0	10070.0	108.0	43.0	0.0	19778.0
2015	26	SONORA	28659.0	4387.0	512.0	3397.0	191.0	902.0	2372.0	12071.0	8.0	9641.0	77.0	0.0		24272.0
2015	27	TABASCO	57452.0	14803.0	233.0	4835.0	266.0	685.0	5844.0	26495.0	78.0	18295.0	954.0	0.0	0.0	42649.0
2015	28	TAMAULIPAS	41380.0	10904.0	533.0	3060.0	531.0	1279.0	4253.0	13027.0	230.0	18628.0	270.0	50.0	52.0	30476.0
2015	29	TLAXCALA	8103.0	2173.0	59.0	733.0	47.0	323.0	932.0	1328.0	8.0	3943.0	173.0	10.0	606.0	5930.0
2015	30	VERACRUZ	45539.0	9966.0	565.0	8827.0	106.0	1048.0	5140.0	12480.0	97.0	17329.0	378.0	25.0	109.0	35573.0
2015	31	YUCATAN	34716.0	4011.0	53.0	7451.0	224.0	105.0	4047.0	19432.0	0.0	3370.0	87.0	0.0	0.0	30705.0
2015	32	ZACATECAS	16179.0	3842.0	235.0	2776.0	178.0	360.0	1898.0	3559.0	18.0	6821.0	542.0	5.0	22.0	12337.0
2016	1	AGUASCALIENTES	22035.0	2887.0	39.0	2433.0	133.0	233.0	2563.0	5498.0	2.0	10997.0	170.0	1.0	5.0	19148.0
2016	2	BAJA CALIFORNIA	97368.0	17715.0	1179.0	8216.0	600.0	1514.0	8620.0	30775.0	14.0	47627.0		2.0		79653.0
2016	3	BAJA CALIFORNIA SUR	24245.0	2821.0	192.0	3699.0	191.0	247.0	1930.0	6931.0	0.0	11181.0	64.0	1.0	1.0	21424.0
2016	4	CAMPECHE	2034.0	472.0	84.0	102.0	154.0	170.0	159.0	357.0	6.0	1039.0	31.0	0.0	16.0	1562.0
2016	5	COAHUILA	51242.0	6850.0	226.0	10276.0	238.0	489.0	5665.0	23926.0	21.0	10448.0	150.0	22.0	7.0	44392.0
2016	6	COLIMA	10953.0	2091.0	600.0	299.0	99.0	695.0	248.0	2522.0	4.0	7068.0	14.0	0.0	4.0	8862.0
2016	7	CHIAPAS	22189.0	7888.0	468.0	2523.0	729.0	1480.0	1818.0	6628.0	15.0	8470.0	184.0	6.0	336.0	14301.0
2016	8	CHIHUAHUA	57902.0	7142.0	1232.0	9946.0	908.0	1546.0	4363.0	27694.0	9.0	13044.0	299.0	93.0	0.0	50760.0
2016	9	CIUDAD DE MEXICO	179720.0	28806.0	952.0	28841.0	569.0	1640.0	10668.0	56401.0	46.0	81529.0	0.0	26.0	0.0	150914.0
2016	10	DURANGO	32183.0	4928.0	238.0	6305.0	171.0	466.0	4714.0	10685.0	11.0	9658.0	162.0	2.0	9.0	27255.0
2016	11	GUANAJUATO	106265.0	20652.0	961.0	13217.0	450.0	2586.0	10763.0	44178.0	8.0	34503.0	522.0	38.0	0.0	85613.0
2016	12	GUERRERO	36561.0	9805.0	2213.0	3241.0	261.0	2844.0	3674.0	14858.0	72.0	11065.0	0.0	29.0	517.0	26756.0
2016	13	HIDALGO	33754.0	6500.0	151.0	5545.0	448.0	670.0	4338.0	11271.0	12.0	11303.0	161.0	3.0	3.0	27254.0
2016	14	JALISCO	106708.0	19680.0	1152.0	19274.0	491.0	2066.0	13317.0	42750.0	15.0	28188.0	506.0	72.0	29.0	87028.0
2016	15	MEXICO	221760.0	71390.0	2053.0	14283.0	2148.0	2810.0	38833.0	98053.0	254.0	65055.0	257.0	67.0		150370.0
2016	16	MICHOACAN	32557.0	10986.0	1287.0	2771.0	307.0	2380.0	4789.0	5972.0	25.0	16106.0	177.0	14.0	16.0	21571.0
2016	17	MORELOS	45448.0	8889.0	616.0	6030.0	386.0	879.0	4962.0	13509.0	41.0	19427.0	190.0	24.0	0.0	36559.0
2016	18	NAYARIT	3668.0	506.0	39.0	612.0	83.0	83.0	304.0	1789.0	2.0	782.0	11.0	0.0	2.0	3162.0
2016	19	NUEVO LEON	84746.0	14223.0	644.0	12100.0	676.0	1174.0	8507.0	43262.0	27.0	18728.0	206.0	47.0	19.0	70523.0
2016	20	OAXACA	33183.0	7803.0	870.0	4243.0	509.0	1737.0	4622.0	11431.0	32.0	9996.0	231.0	34.0	348.0	25380.0
2016	21	PUEBLA	51061.0	14822.0	590.0	6748.0	649.0	1215.0	5472.0	15254.0	32.0	20740.0	234.0	7.0	710.0	36239.0
2016	22	QUERETARO	42900.0	6975.0	119.0	6640.0	334.0	422.0	4356.0	10084.0	12.0	20773.0	266.0	13.0	0.0	35925.0
2016	23	QUINTANA ROO	14334.0	2531.0	133.0	2985.0	214.0	254.0	1589.0	3914.0	8.0	5314.0	42.0	14.0	0.0	11803.0
2016	24	SAN LUIS POTOSI	28613.0	5842.0	306.0	5629.0	335.0	500.0	4180.0	9831.0	26.0	7819.0	229.0	21.0	43.0	22771.0
2016	25	SINALOA	21992.0	6364.0	1161.0	2960.0	198.0	1804.0	2346.0	6161.0	14.0	8438.0	37.0	34.0	0.0	15628.0
2016	26	SONORA	39423.0	10946.0	570.0	4399.0	248.0	1006.0	3397.0	14603.0	5.0	15575.0	186.0	4.0		28477.0
2016	27	TABASCO	59434.0	16574.0	276.0	4960.0	252.0	699.0	6031.0	23431.0	85.0	22903.0	1073.0	0.0	0.0	42860.0
2016	28	TAMAULIPAS	41175.0	8352.0	595.0	5351.0	505.0	1384.0	3036.0	15723.0	155.0	14756.0	226.0	26.0	13.0	32823.0
2016	29	TLAXCALA	6612.0	1877.0	77.0	420.0	42.0	363.0	254.0	828.0	5.0	3696.0	108.0	5.0	891.0	4735.0
2016	30	VERACRUZ	42312.0	10358.0	1258.0	5836.0	128.0	1875.0	4241.0	13198.0	132.0	16223.0	502.0	17.0	160.0	31954.0
2016	31	YUCATAN	34288.0	3507.0	50.0	6610.0	221.0	110.0	3683.0	21029.0	1.0	2559.0	75.0	0.0	0.0	30781.0
2016	32	ZACATECAS	17043.0	3804.0	458.0	3109.0	219.0	617.0	1798.0	4241.0	37.0	6664.0	350.0	3.0	5.0	13239.0
