Year,State_ID,State,Presuntos delincuentes registrados en los juzgados de primera instancia en materia penal del fuero comÃºn a/,Presuntos delincuentes registrados en los juzgados de primera instancia en materia penal del fuero federal a/,Sentenciados registrados en los juzgados de primera instancia en materia penal del fuero comÃºn a/,Sentenciados registrados en los juzgados de primera instancia en materia penal del fuero federal a/,Tasa de personas con sentencia condenatoria b/,Tasa de personas con sentencia condenatoria del fuero comÃºn d/,Tasa de personas con sentencia condenatoria del fuero federal c/
1994,01,Aguascalientes,2334,226,2503,91,101.33,107.24,40.27
1994,02,Baja California,7736,2040,6620,1585,0.84,85.57,77.7
1994,03,Baja California Sur,1181,213,783,214,0.72,66.3,100.47
1994,04,Campeche,1603,287,965,253,0.64,60.2,88.15
1994,05,Coahuila de Zaragoza,3288,732,1652,520,0.54,50.24,71.04
1994,06,Colima,1637,379,1139,251,0.69,69.58,66.23
1994,07,Chiapas,4403,851,3895,648,0.86,88.46,76.15
1994,08,Chihuahua,6635,1180,4342,832,0.66,65.44,70.51
1994,09,Ciudad de MÃ©xico,10932,1383,11556,1347,1.05,105.71,97.4
1994,10,Durango,1601,694,1088,627,0.75,67.96,90.35
1994,11,Guanajuato,5477,548,4489,633,0.85,81.96,115.51
1994,12,Guerrero,2901,436,1538,554,0.63,53.02,127.06
1994,13,Hidalgo,1376,335,857,282,0.67,62.28,84.18
1994,14,Jalisco,10384,1910,8410,1883,0.84,80.99,98.59
1994,15,MÃ©xico,8347,1289,9144,971,1.05,109.55,75.33
1994,16,MichoacÃ¡n de Ocampo,5240,1192,5401,1109,1.01,103.07,93.04
1994,17,Morelos,2180,594,1173,627,0.65,53.81,105.56
1994,18,Nayarit,2234,353,1831,425,0.87,81.96,120.4
1994,19,Nuevo LeÃ³n,5269,753,4656,790,0.9,88.37,104.91
1994,20,Oaxaca,4173,763,3975,624,0.93,95.26,81.78
1994,21,Puebla,4922,565,4611,498,0.93,93.68,88.14
1994,22,QuerÃ©taro,3344,191,2887,170,0.86,86.33,89.01
1994,23,Quintana Roo,1245,211,698,181,0.6,56.06,85.78
1994,24,San Luis PotosÃ­,4341,492,2532,422,0.61,58.33,85.77
1994,25,Sinaloa,3644,1887,4556,1804,1.15,125.03,95.6
1994,26,Sonora,ND,ND,ND,ND,,,
1994,27,Tabasco,6030,590,4460,378,0.73,73.96,64.07
1994,28,Tamaulipas,8326,1821,6457,1626,0.8,77.55,89.29
1994,29,Tlaxcala,824,128,848,144,1.04,102.91,112.5
1994,30,Veracruz de Ignacio de la Llave,9751,847,7901,745,0.82,81.03,87.96
1994,31,YucatÃ¡n,2412,223,1925,164,0.79,79.81,73.54
1994,32,Zacatecas,1849,270,1505,190,0.8,81.4,70.37
1994,b/,Porcentaje respecto al total de sentenciados. FÃ³rmula.,Tasa de personas con sentencia condenatoria= Personas con sentencia condenatoria / Total de sentenciados * 100 En donde Personas con sentencia condenatoria = Personas con sentencia condenatoria del fuero comÃºn + Personas con sentencia condenatoria del fuero federal,,,,,,
1994,c/,Porcentaje respecto al total de sentenciados del fuero federal. FÃ³rmula.,Tasa de personas con sentencia condenatoria del fuero federal= Personas con sentencia condenatoria del fuero federal / Total de sentenciados del fuero federal * 100,,,,,,
1994,d/,Porcentaje respecto al total de sentenciados del fuero comÃºn. FÃ³rmula.,Tasa de personas con sentencia condenatoria del fuero comÃºn= Personas con sentencia condenatoria del fuero comÃºn / Total de sentenciados del fuero comÃºn* 100,,,,,,
1995,01,Aguascalientes,2586.0,352.0,2415.0,355.0,94.28,93.39,100.85
1995,02,Baja California,5640.0,2407.0,4889.0,1738.0,82.35,86.68,72.21
1995,03,Baja California Sur,1220.0,202.0,941.0,151.0,76.79,77.13,74.75
1995,04,Campeche,1596.0,237.0,1064.0,162.0,66.88,66.67,68.35
1995,05,Coahuila de Zaragoza,3675.0,984.0,1896.0,699.0,55.7,51.59,71.04
1995,06,Colima,1826.0,445.0,1138.0,443.0,69.62,62.32,99.55
1995,07,Chiapas,4909.0,920.0,3492.0,708.0,72.05,71.13,76.96
1995,08,Chihuahua,6298.0,1331.0,5038.0,997.0,79.11,79.99,74.91
1995,09,Ciudad de MÃ©xico,13537.0,1933.0,10955.0,1496.0,80.48,80.93,77.39
1995,10,Durango,1580.0,697.0,1273.0,663.0,85.02,80.57,95.12
1995,11,Guanajuato,5411.0,1487.0,5358.0,1223.0,95.4,99.02,82.25
1995,12,Guerrero,2818.0,503.0,1690.0,444.0,64.26,59.97,88.27
1995,13,Hidalgo,1563.0,373.0,1088.0,322.0,72.83,69.61,86.33
1995,14,Jalisco,10178.0,2309.0,8839.0,1973.0,86.59,86.84,85.45
1995,15,MÃ©xico,9407.0,1416.0,7967.0,981.0,82.68,84.69,69.28
1995,16,MichoacÃ¡n de Ocampo,6007.0,1027.0,6076.0,1362.0,105.74,101.15,132.62
1995,17,Morelos,2942.0,943.0,1581.0,726.0,59.38,53.74,76.99
1995,18,Nayarit,2321.0,638.0,1679.0,381.0,69.62,72.34,59.72
1995,19,Nuevo LeÃ³n,6027.0,982.0,4489.0,892.0,76.77,74.48,90.84
1995,20,Oaxaca,5138.0,742.0,3539.0,768.0,73.25,68.88,103.5
1995,21,Puebla,4550.0,521.0,4168.0,505.0,92.15,91.6,96.93
1995,22,QuerÃ©taro,3904.0,231.0,3099.0,167.0,78.98,79.38,72.29
1995,23,Quintana Roo,1294.0,338.0,757.0,276.0,63.3,58.5,81.66
1995,24,San Luis PotosÃ­,4685.0,621.0,2465.0,571.0,57.22,52.61,91.95
1995,25,Sinaloa,3539.0,2283.0,3848.0,1986.0,100.21,108.73,86.99
1995,26,Sonora,5947.0,1728.0,5215.0,1274.0,84.55,87.69,73.73
1995,27,Tabasco,6356.0,595.0,4529.0,423.0,71.24,71.26,71.09
1995,28,Tamaulipas,8852.0,1920.0,7603.0,1554.0,85.01,85.89,80.94
1995,29,Tlaxcala,998.0,241.0,613.0,174.0,63.52,61.42,72.2
1995,30,Veracruz de Ignacio de la Llave,10196.0,1229.0,7697.0,904.0,75.28,75.49,73.56
1995,31,YucatÃ¡n,2432.0,268.0,2445.0,210.0,98.33,100.53,78.36
1995,32,Zacatecas,2182.0,389.0,1620.0,277.0,73.78,74.24,71.21
1996,01,Aguascalientes,2180.0,265.0,2305.0,303.0,106.67,105.734,114.34
1996,02,Baja California,5850.0,3151.0,6623.0,2089.0,96.79,113.214,66.296
1996,03,Baja California Sur,1345.0,253.0,1074.0,247.0,82.67,79.851,97.62799999999999
1996,04,Campeche,1666.0,311.0,831.0,215.0,52.91,49.88,69.132
1996,05,Coahuila de Zaragoza,3940.0,1088.0,2050.0,1048.0,61.61,52.03,96.324
1996,06,Colima,1691.0,408.0,1152.0,424.0,75.08,68.125,103.92200000000001
1996,07,Chiapas,4879.0,919.0,3601.0,880.0,77.29,73.806,95.756
1996,08,Chihuahua,6385.0,1673.0,5252.0,1218.0,80.29,82.255,72.803
1996,09,Ciudad de MÃ©xico,15461.0,1930.0,12634.0,1652.0,82.15,81.715,85.596
1996,10,Durango,1746.0,901.0,1282.0,729.0,75.97,73.425,80.91
1996,11,Guanajuato,4935.0,1456.0,5729.0,1409.0,111.69,116.089,96.772
1996,12,Guerrero,2669.0,429.0,1409.0,471.0,60.68,52.791000000000004,109.79
1996,13,Hidalgo,1458.0,332.0,1261.0,258.0,84.86,86.488,77.711
1996,14,Jalisco,8236.0,2147.0,7217.0,1937.0,88.16,87.62700000000001,90.219
1996,15,MÃ©xico,9952.0,1548.0,9557.0,1092.0,92.6,96.031,70.543
1996,16,MichoacÃ¡n de Ocampo,7472.0,1446.0,5736.0,1317.0,79.09,76.767,91.079
1996,17,Morelos,2581.0,729.0,2266.0,765.0,91.57,87.795,104.93799999999999
1996,18,Nayarit,2385.0,500.0,1701.0,548.0,77.95,71.321,109.6
1996,19,Nuevo LeÃ³n,5846.0,831.0,4433.0,739.0,77.46,75.83,88.929
1996,20,Oaxaca,4940.0,869.0,3789.0,798.0,78.96,76.7,91.83
1996,21,Puebla,4464.0,600.0,4027.0,544.0,90.26,90.211,90.667
1996,22,QuerÃ©taro,3717.0,261.0,3036.0,184.0,80.95,81.679,70.498
1996,23,Quintana Roo,1126.0,371.0,793.0,263.0,70.54,70.426,70.889
1996,24,San Luis PotosÃ­,3784.0,561.0,2819.0,528.0,77.03,74.498,94.118
1996,25,Sinaloa,3787.0,2408.0,3620.0,2081.0,92.03,95.59,86.42
1996,26,Sonora,6744.0,2039.0,5664.0,1619.0,82.92,83.986,79.402
1996,27,Tabasco,5565.0,608.0,4025.0,461.0,72.67,72.327,75.822
1996,28,Tamaulipas,8449.0,2157.0,7036.0,1779.0,83.11,83.27600000000001,82.476
1996,29,Tlaxcala,986.0,207.0,602.0,217.0,68.65,61.055,104.831
1996,30,Veracruz de Ignacio de la Llave,10539.0,1184.0,7365.0,940.0,70.84,69.883,79.392
1996,31,YucatÃ¡n,2276.0,227.0,2515.0,201.0,108.51,110.501,88.546
1996,32,Zacatecas,2403.0,345.0,1675.0,257.0,70.31,69.705,74.493
1997,01,Aguascalientes,1730.0,198.0,1393.0,183.0,86.0,85.1,93.4
1997,02,Baja California,5875.0,2900.0,6732.0,1821.0,92.6,92.9,91.5
1997,03,Baja California Sur,1345.0,272.0,1020.0,192.0,85.4,83.1,97.4
1997,04,Campeche,1387.0,215.0,888.0,229.0,88.8,87.5,93.9
1997,05,Coahuila de Zaragoza,4831.0,681.0,2145.0,722.0,87.4,85.6,92.8
1997,06,Colima,1771.0,338.0,1048.0,367.0,91.9,90.8,95.1
1997,07,Chiapas,4924.0,830.0,3861.0,670.0,80.1,78.0,92.5
1997,08,Chihuahua,6662.0,2030.0,5287.0,1310.0,89.6,88.8,93.1
1997,09,Ciudad de MÃ©xico,15488.0,1571.0,14248.0,1242.0,86.3,85.8,92.4
1997,10,Durango,1587.0,662.0,1110.0,634.0,87.2,82.7,95.1
1997,11,Guanajuato,4373.0,1348.0,4732.0,1293.0,88.2,86.4,94.6
1997,12,Guerrero,2730.0,888.0,1357.0,584.0,75.9,68.5,93.2
1997,13,Hidalgo,1466.0,263.0,988.0,226.0,83.5,81.5,92.5
1997,14,Jalisco,7225.0,2144.0,5692.0,1767.0,83.7,82.5,87.4
1997,15,MÃ©xico,10152.0,1412.0,8637.0,1153.0,73.7,71.2,92.4
1997,16,MichoacÃ¡n de Ocampo,7817.0,1694.0,6360.0,1416.0,86.4,84.7,94.0
1997,17,Morelos,1956.0,664.0,1964.0,520.0,77.1,72.1,96.0
1997,18,Nayarit,2380.0,418.0,1973.0,429.0,93.8,93.0,97.4
1997,19,Nuevo LeÃ³n,4948.0,757.0,3589.0,751.0,86.7,85.5,92.3
1997,20,Oaxaca,5055.0,867.0,3619.0,680.0,92.5,92.2,94.3
1997,21,Puebla,4472.0,561.0,4271.0,577.0,88.4,87.4,96.5
1997,22,QuerÃ©taro,3384.0,220.0,2817.0,181.0,85.7,85.1,95.6
1997,23,Quintana Roo,1221.0,314.0,551.0,284.0,91.9,91.8,91.9
1997,24,San Luis PotosÃ­,3174.0,509.0,2477.0,516.0,83.2,80.3,96.9
1997,25,Sinaloa,4240.0,2484.0,3486.0,1932.0,87.4,83.6,94.1
1997,26,Sonora,6098.0,1767.0,5138.0,1299.0,89.1,88.4,91.8
1997,27,Tabasco,3369.0,486.0,3465.0,436.0,80.5,79.5,89.2
1997,28,Tamaulipas,7474.0,2139.0,6010.0,1754.0,87.3,85.5,93.6
1997,29,Tlaxcala,1090.0,216.0,668.0,162.0,85.1,82.6,95.1
1997,30,Veracruz de Ignacio de la Llave,10126.0,1022.0,7347.0,892.0,89.9,89.5,92.7
1997,31,YucatÃ¡n,2222.0,120.0,2306.0,138.0,74.8,74.0,88.4
1997,32,Zacatecas,2361.0,263.0,1716.0,272.0,89.9,89.0,95.2
1997,33,Extranjero,5.0,35.0,1.0,19.0,100.0,100.0,100.0
1997,99,No especificada,618.0,126.0,575.0,73.0,58.6,56.9,72.6
1998,01,Aguascalientes,1890.0,212.0,1459.0,170.0,88.5,87.8,94.1
1998,02,Baja California,6884.0,2824.0,6328.0,2050.0,91.8,93.0,88.1
1998,03,Baja California Sur,1225.0,302.0,1022.0,215.0,85.9,84.8,90.7
1998,04,Campeche,1352.0,276.0,701.0,255.0,87.8,86.0,92.5
1998,05,Coahuila de Zaragoza,5738.0,689.0,2162.0,683.0,88.6,86.5,95.0
1998,06,Colima,1655.0,323.0,1249.0,283.0,92.0,91.4,95.1
1998,07,Chiapas,4672.0,929.0,4150.0,693.0,84.8,83.5,92.2
1998,08,Chihuahua,6788.0,2229.0,5159.0,1697.0,91.0,90.4,92.8
1998,09,Ciudad de MÃ©xico,16228.0,1745.0,14468.0,1233.0,87.1,86.6,92.9
1998,10,Durango,1641.0,528.0,1280.0,512.0,86.6,82.9,95.7
1998,11,Guanajuato,4594.0,1127.0,4316.0,1144.0,89.7,87.8,96.8
1998,12,Guerrero,3444.0,859.0,1496.0,792.0,76.1,66.2,94.9
1998,13,Hidalgo,1672.0,334.0,1113.0,275.0,83.6,81.2,93.5
1998,14,Jalisco,7157.0,1988.0,4780.0,1825.0,87.0,85.1,91.8
1998,15,MÃ©xico,10603.0,1019.0,7922.0,853.0,72.7,70.8,90.6
1998,16,MichoacÃ¡n de Ocampo,8897.0,1480.0,7456.0,1588.0,85.4,84.4,90.1
1998,17,Morelos,1984.0,564.0,1753.0,579.0,71.8,65.5,90.7
1998,18,Nayarit,2603.0,548.0,2230.0,408.0,92.5,91.7,96.8
1998,19,Nuevo LeÃ³n,5113.0,691.0,3249.0,680.0,84.2,82.6,91.8
1998,20,Oaxaca,4985.0,1137.0,3876.0,789.0,92.3,91.8,94.8
1998,21,Puebla,4800.0,545.0,3872.0,506.0,89.8,89.0,96.2
1998,22,QuerÃ©taro,3619.0,233.0,2221.0,116.0,84.0,83.4,94.0
1998,23,Quintana Roo,1267.0,259.0,646.0,215.0,90.4,89.0,94.4
1998,24,San Luis PotosÃ­,3389.0,731.0,2764.0,655.0,82.5,78.9,97.4
1998,25,Sinaloa,4016.0,2455.0,3557.0,2286.0,86.3,82.3,92.5
1998,26,Sonora,6426.0,2075.0,4813.0,1426.0,90.3,89.5,93.1
1998,27,Tabasco,4303.0,508.0,3193.0,502.0,85.4,85.3,86.5
1998,28,Tamaulipas,7108.0,1810.0,5534.0,1711.0,85.7,83.0,94.4
1998,29,Tlaxcala,1064.0,135.0,618.0,204.0,85.5,87.1,80.9
1998,30,Veracruz de Ignacio de la Llave,11368.0,1060.0,7078.0,792.0,88.3,87.7,93.4
1998,31,YucatÃ¡n,2596.0,204.0,2263.0,160.0,75.7,74.9,86.9
1998,32,Zacatecas,2007.0,335.0,1450.0,256.0,87.7,88.3,84.4
1998,33,Extranjero,3.0,45.0,0.0,30.0,76.7,0.0,76.7
1998,99,No especificada,365.0,43.0,492.0,59.0,49.0,47.0,66.1
1999,01,Aguascalientes,1860.0,250.0,1483.0,182.0,88.1,87.1,96.2
1999,02,Baja California,7373.0,3226.0,7459.0,2048.0,93.5,94.7,89.2
1999,03,Baja California Sur,1266.0,281.0,848.0,273.0,81.8,80.0,87.5
1999,04,Campeche,1171.0,255.0,943.0,211.0,80.2,77.0,94.3
1999,05,Coahuila de Zaragoza,6025.0,697.0,2718.0,597.0,88.6,87.3,94.6
1999,06,Colima,1651.0,358.0,1220.0,292.0,91.3,91.6,90.1
1999,07,Chiapas,5120.0,993.0,3951.0,902.0,86.6,85.2,92.8
1999,08,Chihuahua,6543.0,1965.0,5262.0,1559.0,91.2,90.1,94.7
1999,09,Ciudad de MÃ©xico,18340.0,2246.0,14789.0,1463.0,90.0,90.0,90.5
1999,10,Durango,1870.0,723.0,1327.0,613.0,91.7,89.5,96.4
1999,11,Guanajuato,4591.0,896.0,3935.0,890.0,91.9,91.4,94.0
1999,12,Guerrero,3194.0,731.0,1718.0,714.0,71.9,63.2,92.9
1999,13,Hidalgo,1537.0,308.0,1116.0,262.0,85.1,82.3,96.9
1999,14,Jalisco,7558.0,1641.0,5332.0,1674.0,86.7,85.1,91.7
1999,15,MÃ©xico,11580.0,1310.0,8074.0,1021.0,75.8,73.6,93.6
1999,16,MichoacÃ¡n de Ocampo,8224.0,1342.0,6629.0,1292.0,86.2,85.4,90.6
1999,17,Morelos,1977.0,637.0,1595.0,535.0,69.5,61.1,94.6
1999,18,Nayarit,2347.0,583.0,2142.0,443.0,91.7,91.3,93.9
1999,19,Nuevo LeÃ³n,4558.0,715.0,3057.0,603.0,86.1,84.6,93.7
1999,20,Oaxaca,4942.0,1030.0,3333.0,821.0,91.9,91.5,93.4
1999,21,Puebla,4276.0,595.0,3952.0,542.0,87.9,86.9,95.0
1999,22,QuerÃ©taro,2972.0,246.0,2392.0,242.0,87.0,86.0,96.7
1999,23,Quintana Roo,1556.0,321.0,674.0,165.0,89.9,89.5,91.5
1999,24,San Luis PotosÃ­,3778.0,698.0,2290.0,658.0,81.6,77.1,97.3
1999,25,Sinaloa,4600.0,2057.0,3407.0,1844.0,84.6,81.6,90.1
1999,26,Sonora,6716.0,2451.0,5636.0,1789.0,92.3,92.1,92.8
1999,27,Tabasco,4048.0,477.0,3032.0,362.0,88.1,87.1,96.7
1999,28,Tamaulipas,7158.0,1656.0,7503.0,1408.0,85.3,84.0,92.3
1999,29,Tlaxcala,1576.0,168.0,821.0,188.0,89.0,87.7,94.7
1999,30,Veracruz de Ignacio de la Llave,11565.0,1069.0,7283.0,809.0,90.0,89.6,93.8
1999,31,YucatÃ¡n,2983.0,236.0,2548.0,189.0,76.0,74.9,90.5
1999,32,Zacatecas,1832.0,337.0,1490.0,314.0,90.6,89.8,94.6
1999,33,Extranjero,0.0,22.0,0.0,20.0,95.0,0.0,95.0
1999,99,No especificada,333.0,44.0,333.0,38.0,51.8,49.2,73.7
2000,01,Aguascalientes,1648.0,193.0,1285.0,134.0,88.4,88.6,86.6
2000,02,Baja California,7232.0,2958.0,7460.0,2248.0,94.1,94.7,92.1
2000,03,Baja California Sur,1275.0,181.0,885.0,168.0,83.2,81.5,92.3
2000,04,Campeche,1249.0,324.0,1024.0,205.0,78.2,75.3,92.7
2000,05,Coahuila de Zaragoza,4307.0,723.0,2572.0,624.0,89.3,87.8,95.5
2000,06,Colima,1609.0,297.0,1212.0,300.0,91.4,90.7,94.3
2000,07,Chiapas,4627.0,759.0,4335.0,730.0,83.2,82.0,90.5
2000,08,Chihuahua,7705.0,1866.0,4914.0,1683.0,90.6,89.7,93.4
2000,09,Ciudad de MÃ©xico,17591.0,2300.0,14862.0,1474.0,89.2,89.6,85.4
2000,10,Durango,1661.0,753.0,1174.0,589.0,89.2,87.8,92.0
2000,11,Guanajuato,4437.0,1118.0,3726.0,905.0,91.8,90.7,96.5
2000,12,Guerrero,3536.0,754.0,1595.0,587.0,74.4,67.6,92.8
2000,13,Hidalgo,1855.0,251.0,943.0,189.0,79.1,75.8,95.2
2000,14,Jalisco,7318.0,1486.0,5104.0,1396.0,84.1,82.5,89.6
2000,15,MÃ©xico,11325.0,1066.0,7792.0,803.0,72.2,70.4,89.7
2000,16,MichoacÃ¡n de Ocampo,7551.0,931.0,7301.0,1022.0,86.3,85.3,93.3
2000,17,Morelos,1903.0,503.0,1389.0,506.0,74.3,66.4,96.0
2000,18,Nayarit,2293.0,570.0,1938.0,520.0,90.9,90.5,92.5
2000,19,Nuevo LeÃ³n,5398.0,1024.0,2903.0,724.0,86.7,85.4,92.0
2000,20,Oaxaca,4694.0,869.0,3089.0,771.0,90.6,89.8,94.0
2000,21,Puebla,4566.0,641.0,3309.0,561.0,90.9,89.9,96.6
2000,22,QuerÃ©taro,2854.0,225.0,2154.0,204.0,89.7,89.0,96.6
2000,23,Quintana Roo,1908.0,283.0,853.0,264.0,89.3,88.9,90.5
2000,24,San Luis PotosÃ­,5351.0,626.0,2725.0,519.0,76.2,72.9,93.6
2000,25,Sinaloa,5082.0,1413.0,3527.0,1290.0,86.2,84.7,90.5
2000,26,Sonora,6690.0,2465.0,5854.0,1874.0,92.4,92.0,93.9
2000,27,Tabasco,3892.0,434.0,3352.0,348.0,86.3,85.2,96.3
2000,28,Tamaulipas,7547.0,1737.0,8119.0,1476.0,85.5,83.9,94.0
2000,29,Tlaxcala,1618.0,95.0,1053.0,90.0,86.6,86.1,92.2
2000,30,Veracruz de Ignacio de la Llave,12044.0,1053.0,7805.0,886.0,88.4,88.4,88.3
2000,31,YucatÃ¡n,2421.0,172.0,1971.0,130.0,73.1,72.2,86.2
2000,32,Zacatecas,1963.0,338.0,1596.0,269.0,90.0,90.0,90.3
2000,33,Extranjero,0.0,18.0,0.0,18.0,94.4,0.0,94.4
2000,99,No especificada,329.0,72.0,360.0,37.0,44.1,40.6,78.4
2001,01,Aguascalientes,1969.0,189.0,1506.0,160.0,87.3,87.3,87.5
2001,02,Baja California,8208.0,2973.0,7810.0,2307.0,93.2,94.8,88.0
2001,03,Baja California Sur,1353.0,221.0,973.0,172.0,75.7,72.6,93.6
2001,04,Campeche,1471.0,375.0,854.0,239.0,75.8,72.8,86.2
2001,05,Coahuila de Zaragoza,4187.0,785.0,2414.0,650.0,89.5,87.8,96.0
2001,06,Colima,1889.0,247.0,1358.0,225.0,90.3,90.4,90.2
2001,07,Chiapas,4827.0,672.0,4305.0,662.0,85.4,84.5,90.8
2001,08,Chihuahua,8244.0,1989.0,5070.0,1773.0,91.6,90.5,94.8
2001,09,Ciudad de MÃ©xico,17719.0,1533.0,15521.0,1320.0,90.3,90.7,86.4
2001,10,Durango,1821.0,712.0,1471.0,581.0,90.0,88.1,94.7
2001,11,Guanajuato,5068.0,1225.0,3939.0,1323.0,92.0,91.4,93.7
2001,12,Guerrero,3784.0,752.0,1670.0,743.0,73.5,65.9,90.7
2001,13,Hidalgo,1862.0,298.0,1144.0,265.0,79.7,76.5,93.6
2001,14,Jalisco,8981.0,1827.0,5213.0,1447.0,82.9,81.1,89.5
2001,15,MÃ©xico,11948.0,1010.0,8264.0,853.0,70.3,68.1,91.4
2001,16,MichoacÃ¡n de Ocampo,7023.0,1048.0,7539.0,1342.0,86.9,86.7,88.0
2001,17,Morelos,1984.0,609.0,1519.0,590.0,78.4,71.0,97.3
2001,18,Nayarit,2620.0,447.0,2060.0,399.0,90.0,90.1,89.5
2001,19,Nuevo LeÃ³n,5526.0,889.0,3361.0,673.0,87.3,85.8,94.9
2001,20,Oaxaca,5198.0,973.0,3338.0,739.0,90.1,89.2,94.3
2001,21,Puebla,4946.0,681.0,4163.0,578.0,89.8,89.1,94.5
2001,22,QuerÃ©taro,3573.0,266.0,2477.0,176.0,87.4,87.1,92.0
2001,23,Quintana Roo,2765.0,318.0,1095.0,203.0,90.2,89.6,93.6
2001,24,San Luis PotosÃ­,5195.0,642.0,3296.0,472.0,80.3,78.5,92.4
2001,25,Sinaloa,5221.0,1367.0,3998.0,1166.0,84.6,83.6,87.9
2001,26,Sonora,7130.0,2685.0,5826.0,2229.0,91.3,91.7,90.3
2001,27,Tabasco,3483.0,452.0,3059.0,380.0,82.2,80.8,93.2
2001,28,Tamaulipas,7430.0,1485.0,6736.0,1432.0,88.8,88.3,91.3
2001,29,Tlaxcala,1487.0,171.0,1010.0,159.0,86.1,84.7,95.0
2001,30,Veracruz de Ignacio de la Llave,12254.0,1076.0,8026.0,834.0,89.2,89.0,91.2
2001,31,YucatÃ¡n,2417.0,246.0,2022.0,158.0,71.4,70.3,85.4
2001,32,Zacatecas,2088.0,390.0,1782.0,439.0,89.2,87.5,96.1
2001,33,Extranjero,3.0,20.0,0.0,12.0,83.3,0.0,83.3
2001,99,No especificada,321.0,46.0,252.0,41.0,60.8,57.5,80.5
2002,01,Aguascalientes,2350.0,232.0,1825.0,167.0,89.0,89.1,87.4
2002,02,Baja California,9962.0,3125.0,8132.0,2492.0,93.0,94.8,87.1
2002,03,Baja California Sur,1491.0,423.0,971.0,258.0,76.9,73.1,91.1
2002,04,Campeche,1332.0,308.0,846.0,288.0,76.8,73.5,86.5
2002,05,Coahuila de Zaragoza,3579.0,724.0,2604.0,653.0,86.2,84.6,92.5
2002,06,Colima,2022.0,315.0,1375.0,230.0,89.0,88.2,93.9
2002,07,Chiapas,5023.0,906.0,4217.0,682.0,83.9,82.2,94.6
2002,08,Chihuahua,7940.0,2148.0,5114.0,1767.0,90.8,90.0,93.2
2002,09,Ciudad de MÃ©xico,18012.0,2158.0,14920.0,1980.0,91.3,92.1,85.3
2002,10,Durango,1721.0,706.0,1450.0,601.0,91.1,89.4,95.0
2002,11,Guanajuato,5710.0,1249.0,4208.0,1138.0,91.9,91.5,93.1
2002,12,Guerrero,3569.0,785.0,1705.0,742.0,78.3,72.7,91.1
2002,13,Hidalgo,1992.0,317.0,1188.0,267.0,82.5,80.9,89.9
2002,14,Jalisco,9279.0,1982.0,6112.0,1788.0,84.7,82.4,92.6
2002,15,MÃ©xico,12315.0,1182.0,9057.0,931.0,72.6,70.6,91.8
2002,16,MichoacÃ¡n de Ocampo,7230.0,1118.0,7236.0,1154.0,86.4,86.2,87.6
2002,17,Morelos,2348.0,642.0,1489.0,594.0,79.2,72.5,96.0
2002,18,Nayarit,2627.0,528.0,2186.0,491.0,92.4,91.9,94.7
2002,19,Nuevo LeÃ³n,6037.0,832.0,3866.0,720.0,85.8,85.5,87.5
2002,20,Oaxaca,5737.0,872.0,3475.0,620.0,90.5,89.9,93.4
2002,21,Puebla,5364.0,667.0,4309.0,683.0,90.3,90.1,91.5
2002,22,QuerÃ©taro,4893.0,403.0,2731.0,354.0,89.8,89.1,95.5
2002,23,Quintana Roo,2723.0,374.0,1048.0,241.0,89.1,88.3,92.5
2002,24,San Luis PotosÃ­,4789.0,586.0,3630.0,433.0,83.9,82.5,95.4
2002,25,Sinaloa,5132.0,1372.0,4270.0,1164.0,83.2,80.1,94.8
2002,26,Sonora,6036.0,2504.0,5643.0,2631.0,91.9,92.6,90.5
2002,27,Tabasco,3275.0,455.0,2828.0,409.0,83.2,82.0,91.4
2002,28,Tamaulipas,6919.0,1457.0,5950.0,1312.0,86.2,85.1,91.3
2002,29,Tlaxcala,1461.0,196.0,1008.0,129.0,83.0,81.6,93.8
2002,30,Veracruz de Ignacio de la Llave,12256.0,1284.0,8358.0,927.0,90.1,89.9,91.7
2002,31,YucatÃ¡n,2524.0,238.0,1919.0,217.0,77.9,76.2,92.6
2002,32,Zacatecas,2239.0,363.0,1803.0,358.0,90.0,88.4,97.8
2002,33,Extranjero,1.0,36.0,0.0,22.0,81.8,0.0,81.8
2002,99,No especificada,298.0,104.0,286.0,58.0,52.3,50.7,60.3
2003,01,Aguascalientes,2550.0,240.0,1871.0,200.0,89.3,88.8,94.0
2003,02,Baja California,10953.0,2776.0,10374.0,2289.0,92.8,94.0,87.8
2003,03,Baja California Sur,1774.0,357.0,1260.0,325.0,81.5,81.0,83.7
2003,04,Campeche,1282.0,292.0,959.0,273.0,80.2,78.2,87.2
2003,05,Coahuila de Zaragoza,3393.0,751.0,2636.0,665.0,89.7,88.9,92.6
2003,06,Colima,2152.0,367.0,1392.0,276.0,90.8,89.9,95.3
2003,07,Chiapas,4738.0,1048.0,4110.0,882.0,84.7,84.0,88.3
2003,08,Chihuahua,8047.0,2213.0,4942.0,2031.0,91.4,89.9,95.2
2003,09,Ciudad de MÃ©xico,21619.0,2749.0,17173.0,2055.0,92.6,93.4,85.8
2003,10,Durango,1661.0,843.0,1428.0,697.0,93.2,91.8,96.0
2003,11,Guanajuato,6099.0,1443.0,4478.0,1180.0,93.3,93.1,94.3
2003,12,Guerrero,3852.0,687.0,1731.0,641.0,76.8,71.1,92.2
2003,13,Hidalgo,2186.0,399.0,1303.0,358.0,78.4,74.4,93.0
2003,14,Jalisco,9995.0,2212.0,6656.0,2070.0,87.4,84.9,95.4
2003,15,MÃ©xico,12426.0,1219.0,9246.0,1062.0,75.9,74.2,90.3
2003,16,MichoacÃ¡n de Ocampo,7180.0,1110.0,7358.0,1227.0,87.1,87.1,87.3
2003,17,Morelos,2479.0,991.0,1320.0,711.0,77.9,69.8,92.8
2003,18,Nayarit,2927.0,478.0,2121.0,430.0,92.7,92.3,94.7
2003,19,Nuevo LeÃ³n,5900.0,1020.0,4129.0,796.0,87.5,87.4,88.1
2003,20,Oaxaca,5471.0,871.0,3357.0,701.0,91.1,91.2,90.9
2003,21,Puebla,5238.0,795.0,4052.0,691.0,91.1,91.1,90.9
2003,22,QuerÃ©taro,5059.0,333.0,2896.0,307.0,89.4,88.5,97.7
2003,23,Quintana Roo,2766.0,383.0,1364.0,251.0,91.5,90.8,94.8
2003,24,San Luis PotosÃ­,4463.0,600.0,3335.0,550.0,80.8,78.5,94.5
2003,25,Sinaloa,5393.0,1200.0,4205.0,1245.0,83.8,81.5,91.3
2003,26,Sonora,5989.0,2659.0,4576.0,2383.0,91.7,92.2,90.8
2003,27,Tabasco,3354.0,561.0,2471.0,395.0,84.6,83.5,91.4
2003,28,Tamaulipas,7615.0,1299.0,6745.0,1237.0,87.2,86.7,90.2
2003,29,Tlaxcala,1411.0,231.0,885.0,132.0,87.5,86.1,97.0
2003,30,Veracruz de Ignacio de la Llave,12109.0,1392.0,8746.0,1071.0,91.2,91.3,90.1
2003,31,YucatÃ¡n,2431.0,307.0,1995.0,209.0,84.3,83.2,94.3
2003,32,Zacatecas,2281.0,408.0,1767.0,397.0,91.6,91.0,94.5
2003,33,Extranjero,5.0,21.0,2.0,30.0,96.9,100.0,96.7
2003,99,No especificada,162.0,32.0,122.0,29.0,55.6,55.7,55.2
2004,01,Aguascalientes,2029.0,269.0,1657.0,188.0,85.5,84.2,96.3
2004,02,Baja California,11189.0,2709.0,10686.0,2113.0,93.7,95.0,87.1
2004,03,Baja California Sur,1755.0,334.0,1262.0,287.0,81.9,81.1,85.0
2004,04,Campeche,1366.0,309.0,954.0,275.0,79.8,79.9,79.6
2004,05,Coahuila de Zaragoza,4338.0,716.0,2630.0,682.0,90.2,89.6,92.2
2004,06,Colima,1800.0,416.0,1621.0,339.0,91.3,89.9,97.9
2004,07,Chiapas,5137.0,1028.0,4327.0,979.0,87.6,86.9,90.6
2004,08,Chihuahua,7298.0,1880.0,4565.0,2114.0,90.7,89.8,92.7
2004,09,Ciudad de MÃ©xico,24430.0,2494.0,19838.0,2294.0,92.5,93.4,85.0
2004,10,Durango,1550.0,723.0,1304.0,698.0,91.2,89.4,94.6
2004,11,Guanajuato,5741.0,1224.0,4514.0,1140.0,92.7,92.1,94.7
2004,12,Guerrero,4094.0,703.0,1615.0,705.0,74.6,69.0,87.5
2004,13,Hidalgo,2194.0,402.0,1379.0,373.0,82.5,78.7,96.8
2004,14,Jalisco,10745.0,2510.0,7420.0,2361.0,86.8,84.4,94.5
2004,15,MÃ©xico,13786.0,1228.0,9637.0,1294.0,77.3,75.4,91.0
2004,16,MichoacÃ¡n de Ocampo,8314.0,992.0,8517.0,1270.0,88.6,88.0,92.8
2004,17,Morelos,2371.0,654.0,1514.0,767.0,76.6,68.9,91.8
2004,18,Nayarit,2963.0,492.0,2532.0,428.0,90.3,90.7,88.1
2004,19,Nuevo LeÃ³n,5485.0,885.0,4228.0,675.0,87.9,87.5,90.2
2004,20,Oaxaca,4922.0,699.0,2963.0,633.0,90.6,91.2,87.8
2004,21,Puebla,5152.0,610.0,4564.0,683.0,91.6,91.0,95.8
2004,22,QuerÃ©taro,5282.0,383.0,3323.0,391.0,91.1,90.5,96.9
2004,23,Quintana Roo,2716.0,415.0,1449.0,416.0,88.0,86.5,93.3
2004,24,San Luis PotosÃ­,5637.0,562.0,3099.0,509.0,82.0,80.2,92.7
2004,25,Sinaloa,5002.0,1510.0,4281.0,1281.0,83.5,80.6,93.1
2004,26,Sonora,6175.0,2960.0,5038.0,2468.0,92.7,93.9,90.3
2004,27,Tabasco,2887.0,584.0,2191.0,424.0,87.5,87.1,89.6
2004,28,Tamaulipas,8765.0,1092.0,7987.0,1096.0,88.3,88.1,89.9
2004,29,Tlaxcala,1151.0,186.0,932.0,181.0,69.8,65.9,90.1
2004,30,Veracruz de Ignacio de la Llave,10347.0,1501.0,7008.0,1232.0,91.5,91.6,90.7
2004,31,YucatÃ¡n,3230.0,220.0,2014.0,173.0,78.1,77.2,89.0
2004,32,Zacatecas,2384.0,409.0,2012.0,401.0,92.4,91.8,95.3
2004,33,Extranjero,2.0,24.0,3.0,22.0,84.0,100.0,81.8
2004,99,No especificada,220.0,70.0,393.0,48.0,67.6,66.9,72.9
2005,01,Aguascalientes,1841.0,362.0,1285.0,230.0,88.8,88.2,91.7
2005,02,Baja California,13116.0,3570.0,10821.0,2458.0,93.6,95.9,83.8
2005,03,Baja California Sur,2071.0,359.0,1078.0,230.0,84.2,83.9,85.7
2005,04,Campeche,1161.0,236.0,773.0,238.0,78.1,80.1,71.8
2005,05,Coahuila de Zaragoza,5114.0,652.0,2424.0,690.0,88.5,87.1,93.2
2005,06,Colima,1907.0,458.0,1435.0,381.0,93.1,92.1,96.9
2005,07,Chiapas,5059.0,685.0,4515.0,991.0,86.9,86.7,87.7
2005,08,Chihuahua,7578.0,1851.0,4359.0,2040.0,90.3,88.2,94.9
2005,09,Ciudad de MÃ©xico,22394.0,2034.0,20055.0,1915.0,92.9,93.5,86.4
2005,10,Durango,1540.0,796.0,1171.0,705.0,94.1,93.9,94.3
2005,11,Guanajuato,6800.0,1299.0,5579.0,1288.0,93.3,93.1,94.2
2005,12,Guerrero,3607.0,760.0,1748.0,587.0,77.9,72.7,93.2
2005,13,Hidalgo,2681.0,348.0,1521.0,343.0,82.6,79.5,96.5
2005,14,Jalisco,11455.0,2635.0,7936.0,2619.0,88.8,87.0,94.4
2005,15,MÃ©xico,13245.0,1021.0,9963.0,1138.0,78.3,77.2,88.1
2005,16,MichoacÃ¡n de Ocampo,8145.0,1136.0,8407.0,1009.0,90.2,89.9,92.6
2005,17,Morelos,2271.0,491.0,1401.0,614.0,78.3,73.4,89.4
2005,18,Nayarit,2696.0,524.0,2287.0,451.0,89.8,88.9,94.5
2005,19,Nuevo LeÃ³n,4551.0,1156.0,3687.0,831.0,87.6,87.1,89.8
2005,20,Oaxaca,4529.0,709.0,3030.0,524.0,89.9,89.6,91.8
2005,21,Puebla,4802.0,732.0,4897.0,573.0,91.1,90.9,93.2
2005,22,QuerÃ©taro,4662.0,363.0,3029.0,357.0,90.0,89.2,96.4
2005,23,Quintana Roo,2948.0,344.0,1388.0,209.0,84.1,82.7,93.3
2005,24,San Luis PotosÃ­,4801.0,730.0,3039.0,639.0,82.9,81.7,88.7
2005,25,Sinaloa,6875.0,1961.0,4415.0,1404.0,84.2,80.9,94.5
2005,26,Sonora,6842.0,3664.0,5209.0,2757.0,92.9,92.9,92.9
2005,27,Tabasco,2873.0,527.0,1914.0,349.0,89.6,88.8,94.3
2005,28,Tamaulipas,8443.0,1169.0,10127.0,1080.0,88.0,87.7,90.3
2005,29,Tlaxcala,1014.0,183.0,942.0,185.0,70.7,66.3,93.0
2005,30,Veracruz de Ignacio de la Llave,9646.0,1546.0,6067.0,1207.0,91.1,91.1,91.2
2005,31,YucatÃ¡n,3005.0,229.0,2466.0,141.0,78.1,77.5,89.4
2005,32,Zacatecas,3090.0,528.0,2225.0,421.0,91.2,90.2,96.7
2005,33,Extranjero,3.0,13.0,0.0,21.0,81.0,0.0,81.0
2005,99,No especificada,241.0,76.0,331.0,69.0,50.8,52.3,43.5
2006,01,Aguascalientes,1798.0,261.0,946.0,289.0,88.3,88.8,86.9
2006,02,Baja California,14076.0,3462.0,10625.0,2711.0,92.1,95.8,77.5
2006,03,Baja California Sur,1982.0,359.0,1283.0,340.0,82.6,80.9,88.8
2006,04,Campeche,1212.0,164.0,678.0,175.0,79.1,78.0,83.4
2006,05,Coahuila de Zaragoza,4792.0,560.0,2628.0,621.0,86.3,85.1,91.5
2006,06,Colima,1973.0,462.0,1293.0,463.0,91.5,91.0,93.1
2006,07,Chiapas,4506.0,485.0,4151.0,953.0,84.0,85.5,77.6
2006,08,Chihuahua,7462.0,1634.0,4219.0,1709.0,90.5,88.8,94.7
2006,09,Ciudad de MÃ©xico,20400.0,2431.0,18357.0,1745.0,94.1,94.8,86.2
2006,10,Durango,1737.0,765.0,1135.0,643.0,94.3,93.4,96.0
2006,11,Guanajuato,6224.0,1227.0,4851.0,1183.0,92.0,92.1,91.5
2006,12,Guerrero,3232.0,726.0,1661.0,700.0,80.2,74.7,93.3
2006,13,Hidalgo,2652.0,371.0,1602.0,367.0,79.9,76.7,94.0
2006,14,Jalisco,12443.0,2314.0,8850.0,2795.0,87.9,85.8,94.6
2006,15,MÃ©xico,12149.0,1021.0,9399.0,1051.0,78.4,77.3,89.0
2006,16,MichoacÃ¡n de Ocampo,8355.0,1011.0,8600.0,1167.0,91.6,91.3,93.7
2006,17,Morelos,2129.0,550.0,1410.0,559.0,76.8,71.8,89.4
2006,18,Nayarit,3122.0,544.0,1986.0,471.0,91.9,91.0,95.5
2006,19,Nuevo LeÃ³n,3715.0,1077.0,2563.0,935.0,88.2,89.6,84.4
2006,20,Oaxaca,3732.0,549.0,2772.0,402.0,89.5,89.6,89.3
2006,21,Puebla,4906.0,673.0,4967.0,683.0,90.2,90.4,88.9
2006,22,QuerÃ©taro,4465.0,381.0,2650.0,351.0,89.8,88.9,97.2
2006,23,Quintana Roo,3019.0,487.0,1621.0,309.0,81.7,80.2,89.3
2006,24,San Luis PotosÃ­,4431.0,593.0,3012.0,524.0,81.6,80.5,88.0
2006,25,Sinaloa,7489.0,2279.0,4871.0,1996.0,84.6,81.3,92.6
2006,26,Sonora,7078.0,3474.0,5815.0,2854.0,90.3,91.3,88.3
2006,27,Tabasco,2768.0,493.0,1944.0,383.0,90.7,91.0,89.3
2006,28,Tamaulipas,8722.0,935.0,8571.0,1043.0,87.4,87.5,87.1
2006,29,Tlaxcala,964.0,161.0,844.0,135.0,72.1,68.2,96.3
2006,30,Veracruz de Ignacio de la Llave,8768.0,1321.0,5541.0,1135.0,90.8,91.3,88.1
2006,31,YucatÃ¡n,3500.0,179.0,2047.0,156.0,80.6,80.1,86.5
2006,32,Zacatecas,2802.0,415.0,2506.0,382.0,91.1,90.6,94.5
2006,33,Extranjero,3.0,31.0,0.0,17.0,76.5,0.0,76.5
2006,99,No especificada,321.0,47.0,291.0,53.0,53.2,54.0,49.1
2007,01,Aguascalientes,1545.0,264.0,845.0,217.0,88.2,88.3,88.0
2007,02,Baja California,16375.0,3828.0,13682.0,2981.0,92.1,96.2,73.4
2007,03,Baja California Sur,2101.0,369.0,1429.0,334.0,82.1,79.8,91.9
2007,04,Campeche,1199.0,275.0,734.0,146.0,79.4,78.7,82.9
2007,05,Coahuila de Zaragoza,4897.0,618.0,2711.0,504.0,88.3,87.7,91.5
2007,06,Colima,2144.0,415.0,1460.0,429.0,90.5,89.6,93.7
2007,07,Chiapas,4494.0,520.0,4065.0,783.0,86.3,86.7,84.4
2007,08,Chihuahua,6778.0,1384.0,3604.0,1394.0,90.8,89.2,95.0
2007,09,Ciudad de MÃ©xico,20778.0,2578.0,18049.0,2210.0,93.6,94.4,87.5
2007,10,Durango,1957.0,810.0,1447.0,618.0,91.4,90.0,94.5
2007,11,Guanajuato,6492.0,1406.0,5058.0,1307.0,91.5,92.0,89.6
2007,12,Guerrero,3408.0,753.0,1563.0,621.0,81.7,76.8,94.2
2007,13,Hidalgo,2513.0,419.0,2044.0,336.0,86.2,84.5,96.4
2007,14,Jalisco,12645.0,2174.0,8810.0,2569.0,87.7,85.4,95.5
2007,15,MÃ©xico,12675.0,1075.0,9463.0,968.0,79.9,78.9,90.3
2007,16,MichoacÃ¡n de Ocampo,6670.0,1094.0,7225.0,930.0,92.1,92.1,92.4
2007,17,Morelos,1986.0,455.0,1488.0,398.0,78.1,74.3,92.5
2007,18,Nayarit,3644.0,612.0,2377.0,530.0,91.5,91.2,92.8
2007,19,Nuevo LeÃ³n,3879.0,947.0,2592.0,947.0,88.9,92.3,79.6
2007,20,Oaxaca,3583.0,615.0,2442.0,426.0,89.1,88.9,90.1
2007,21,Puebla,4937.0,693.0,4430.0,689.0,90.6,90.7,89.7
2007,22,QuerÃ©taro,4519.0,497.0,2328.0,414.0,92.6,92.1,95.4
2007,23,Quintana Roo,3074.0,596.0,1520.0,360.0,84.9,83.1,92.8
2007,24,San Luis PotosÃ­,4680.0,521.0,3083.0,490.0,83.2,82.5,87.8
2007,25,Sinaloa,8872.0,2037.0,5263.0,2086.0,86.6,84.2,92.6
2007,26,Sonora,7607.0,2968.0,7375.0,2723.0,89.8,90.6,87.6
2007,27,Tabasco,2607.0,497.0,1500.0,333.0,87.2,88.5,81.4
2007,28,Tamaulipas,8369.0,1225.0,8028.0,1018.0,88.8,88.9,88.0
2007,29,Tlaxcala,896.0,160.0,910.0,123.0,74.0,71.1,95.1
2007,30,Veracruz de Ignacio de la Llave,8505.0,1299.0,4975.0,1004.0,90.6,91.0,88.8
2007,31,YucatÃ¡n,3170.0,245.0,2049.0,158.0,79.5,78.9,87.3
2007,32,Zacatecas,2995.0,391.0,2670.0,345.0,88.7,87.8,95.9
2007,33,Extranjero,2.0,35.0,0.0,29.0,93.1,0.0,93.1
2007,99,No especificada,226.0,54.0,227.0,44.0,46.5,45.8,50.0
2008,01,Aguascalientes,1570.0,228.0,762.0,179.0,88.6,87.9,91.6
2008,02,Baja California,14172.0,4404.0,13523.0,2838.0,92.0,95.8,73.6
2008,03,Baja California Sur,1829.0,558.0,1332.0,374.0,81.4,80.0,86.1
2008,04,Campeche,1222.0,222.0,687.0,133.0,81.6,80.1,89.5
2008,05,Coahuila de Zaragoza,4539.0,647.0,2430.0,502.0,89.6,89.2,91.2
2008,06,Colima,1866.0,360.0,1536.0,396.0,90.5,89.1,96.0
2008,07,Chiapas,4609.0,542.0,4391.0,700.0,85.9,85.2,89.9
2008,08,Chihuahua,3947.0,2233.0,2750.0,1476.0,91.0,89.7,93.4
2008,09,Ciudad de MÃ©xico,21782.0,2811.0,18452.0,2355.0,93.5,94.3,87.6
2008,10,Durango,1677.0,713.0,1322.0,639.0,91.8,90.8,93.9
2008,11,Guanajuato,6727.0,1723.0,5363.0,1460.0,90.2,90.0,91.1
2008,12,Guerrero,3036.0,775.0,1768.0,703.0,83.7,79.4,94.6
2008,13,Hidalgo,2502.0,316.0,1791.0,307.0,84.6,83.1,93.5
2008,14,Jalisco,12807.0,2146.0,9178.0,2218.0,87.0,85.4,93.6
2008,15,MÃ©xico,12831.0,1454.0,9662.0,1129.0,83.5,82.9,88.8
2008,16,MichoacÃ¡n de Ocampo,5603.0,1042.0,6226.0,1064.0,90.3,90.9,86.8
2008,17,Morelos,2072.0,550.0,1372.0,396.0,81.0,79.1,87.6
2008,18,Nayarit,3782.0,484.0,2514.0,449.0,91.3,91.8,88.2
2008,19,Nuevo LeÃ³n,3912.0,1041.0,2532.0,888.0,90.9,93.4,83.8
2008,20,Oaxaca,3922.0,890.0,2323.0,604.0,87.4,86.4,91.4
2008,21,Puebla,5264.0,772.0,4892.0,668.0,91.3,91.5,89.5
2008,22,QuerÃ©taro,4609.0,459.0,2418.0,559.0,91.6,91.5,92.3
2008,23,Quintana Roo,2770.0,442.0,1588.0,310.0,83.1,81.4,92.3
2008,24,San Luis PotosÃ­,4629.0,479.0,3107.0,435.0,83.1,81.9,92.0
2008,25,Sinaloa,10087.0,2099.0,4707.0,1757.0,87.0,85.4,91.4
2008,26,Sonora,7991.0,3307.0,7562.0,2585.0,88.5,91.0,81.2
2008,27,Tabasco,2785.0,506.0,1753.0,311.0,88.6,88.4,89.7
2008,28,Tamaulipas,9398.0,1506.0,7568.0,975.0,88.8,89.1,86.6
2008,29,Tlaxcala,1066.0,201.0,887.0,150.0,70.7,67.6,88.7
2008,30,Veracruz de Ignacio de la Llave,8554.0,1317.0,4831.0,915.0,90.8,91.2,88.7
2008,31,YucatÃ¡n,2849.0,201.0,2303.0,152.0,81.2,81.0,84.2
2008,32,Zacatecas,2619.0,318.0,2473.0,298.0,89.8,89.6,90.9
2008,33,Extranjero,1.0,41.0,0.0,29.0,58.6,0.0,58.6
2008,99,No especificada,232.0,69.0,218.0,56.0,55.8,51.4,73.2
2009,01,Aguascalientes,1853.0,333.0,1023.0,195.0,90.1,89.6,92.3
2009,02,Baja California,11233.0,5941.0,11206.0,3196.0,92.2,95.2,81.6
2009,03,Baja California Sur,1563.0,751.0,1305.0,627.0,87.2,86.9,87.9
2009,04,Campeche,1317.0,271.0,668.0,164.0,79.2,76.0,92.1
2009,05,Coahuila de Zaragoza,3514.0,525.0,2265.0,446.0,86.8,85.8,91.7
2009,06,Colima,1787.0,220.0,1196.0,249.0,88.8,88.1,92.0
2009,07,Chiapas,4040.0,566.0,3997.0,624.0,82.9,81.6,91.2
2009,08,Chihuahua,3737.0,2154.0,2129.0,1914.0,90.7,88.1,93.6
2009,09,Ciudad de MÃ©xico,20311.0,2656.0,17668.0,2397.0,93.3,93.9,88.7
2009,10,Durango,1452.0,700.0,1296.0,513.0,91.3,89.9,94.7
2009,11,Guanajuato,7066.0,1698.0,5983.0,1549.0,90.1,90.7,87.9
2009,12,Guerrero,3021.0,1018.0,1684.0,752.0,82.6,76.7,95.9
2009,13,Hidalgo,3206.0,406.0,2050.0,238.0,85.0,84.0,92.9
2009,14,Jalisco,12603.0,2429.0,9589.0,2159.0,88.8,87.5,94.4
2009,15,MÃ©xico,12142.0,1785.0,9934.0,1490.0,84.2,82.9,92.8
2009,16,MichoacÃ¡n de Ocampo,4877.0,850.0,4637.0,925.0,93.0,92.8,93.9
2009,17,Morelos,1506.0,547.0,1025.0,339.0,77.3,72.8,90.9
2009,18,Nayarit,3356.0,433.0,2298.0,325.0,90.3,89.8,94.2
2009,19,Nuevo LeÃ³n,3680.0,1227.0,2635.0,956.0,89.6,91.4,84.5
2009,20,Oaxaca,3508.0,1066.0,1996.0,783.0,87.9,85.9,92.8
2009,21,Puebla,4802.0,777.0,4204.0,711.0,92.3,92.8,89.5
2009,22,QuerÃ©taro,4626.0,510.0,2483.0,526.0,80.8,78.3,92.8
2009,23,Quintana Roo,3080.0,493.0,1703.0,354.0,84.7,83.4,91.0
2009,24,San Luis PotosÃ­,4717.0,498.0,2827.0,440.0,81.5,79.5,94.1
2009,25,Sinaloa,10966.0,1911.0,3721.0,1657.0,88.8,86.6,93.7
2009,26,Sonora,7939.0,3056.0,7234.0,2201.0,89.5,90.0,87.9
2009,27,Tabasco,2612.0,628.0,1646.0,299.0,89.1,88.9,90.3
2009,28,Tamaulipas,8126.0,1420.0,7442.0,1063.0,84.1,83.8,86.4
2009,29,Tlaxcala,1054.0,291.0,848.0,130.0,72.4,70.5,84.6
2009,30,Veracruz de Ignacio de la Llave,7932.0,1445.0,4591.0,993.0,91.4,91.8,89.5
2009,31,YucatÃ¡n,3762.0,498.0,2419.0,158.0,80.5,80.2,85.4
2009,32,Zacatecas,2117.0,195.0,1700.0,208.0,86.4,85.4,94.7
2009,33,Extranjero,2.0,39.0,1.0,42.0,90.7,100.0,90.5
2009,99,No especificada,399.0,80.0,861.0,77.0,79.4,79.1,83.1
2010,01,Aguascalientes,1653.0,419.0,1166.0,375.0,89.6,88.9,91.7
2010,02,Baja California,9512.0,8739.0,10118.0,6048.0,93.8,94.9,91.8
2010,03,Baja California Sur,1530.0,708.0,1440.0,866.0,85.1,81.4,91.3
2010,04,Campeche,1093.0,352.0,647.0,274.0,76.8,74.2,82.8
2010,05,Coahuila de Zaragoza,2832.0,432.0,2054.0,479.0,85.9,83.6,95.6
2010,06,Colima,1513.0,293.0,1245.0,429.0,91.3,88.9,98.1
2010,07,Chiapas,4030.0,622.0,3863.0,708.0,82.8,81.8,88.3
2010,08,Chihuahua,3846.0,1659.0,1936.0,1663.0,92.8,91.6,94.2
2010,09,Ciudad de MÃ©xico,20018.0,3829.0,17458.0,3101.0,92.2,92.6,89.9
2010,10,Durango,950.0,569.0,864.0,623.0,93.2,90.3,97.3
2010,11,Guanajuato,6766.0,1741.0,6022.0,1615.0,89.6,90.4,86.7
2010,12,Guerrero,2826.0,948.0,1519.0,875.0,81.4,75.1,92.2
2010,13,Hidalgo,3444.0,366.0,1881.0,232.0,83.8,82.5,94.4
2010,14,Jalisco,14145.0,3547.0,9245.0,3309.0,89.2,88.1,92.4
2010,15,MÃ©xico,11315.0,1935.0,10499.0,2000.0,86.1,84.7,93.3
2010,16,MichoacÃ¡n de Ocampo,4299.0,764.0,4015.0,907.0,90.9,90.5,92.7
2010,17,Morelos,1253.0,523.0,741.0,404.0,83.5,78.9,91.8
2010,18,Nayarit,3054.0,388.0,2015.0,380.0,88.8,87.7,94.5
2010,19,Nuevo LeÃ³n,3841.0,1245.0,2486.0,1258.0,91.2,89.9,93.8
2010,20,Oaxaca,3391.0,1393.0,1862.0,1040.0,90.7,88.1,95.4
2010,21,Puebla,4698.0,819.0,4027.0,943.0,93.0,92.3,95.9
2010,22,QuerÃ©taro,4134.0,735.0,2473.0,637.0,82.9,80.1,93.7
2010,23,Quintana Roo,3173.0,544.0,1652.0,473.0,84.0,80.8,95.6
2010,24,San Luis PotosÃ­,4221.0,540.0,2753.0,467.0,80.7,78.2,94.9
2010,25,Sinaloa,10377.0,1454.0,3316.0,1595.0,89.7,86.8,95.6
2010,26,Sonora,7417.0,3108.0,6879.0,2517.0,91.1,90.1,93.6
2010,27,Tabasco,3253.0,593.0,1760.0,402.0,89.5,91.0,83.1
2010,28,Tamaulipas,5117.0,1429.0,5849.0,974.0,80.3,78.1,93.9
2010,29,Tlaxcala,924.0,230.0,645.0,195.0,74.8,71.8,84.6
2010,30,Veracruz de Ignacio de la Llave,7243.0,1267.0,4226.0,928.0,89.0,88.9,89.4
2010,31,YucatÃ¡n,3780.0,446.0,2276.0,247.0,79.4,78.3,89.5
2010,32,Zacatecas,1935.0,263.0,1539.0,189.0,82.9,81.5,93.7
2010,33,Extranjero,5.0,17.0,2.0,23.0,96.0,100.0,95.7
2010,99,No especificada,248.0,59.0,1704.0,48.0,85.8,86.0,77.1
2011,01,Aguascalientes,2133.0,543.0,1044.0,347.0,91.5,90.1,95.7
2011,02,Baja California,8000.0,7897.0,8814.0,6909.0,93.9,93.5,94.4
2011,03,Baja California Sur,1431.0,832.0,1255.0,902.0,88.1,82.2,96.3
2011,04,Campeche,1161.0,329.0,638.0,275.0,77.1,74.0,84.4
2011,05,Coahuila de Zaragoza,2121.0,770.0,1616.0,487.0,85.5,83.0,93.8
2011,06,Colima,2069.0,207.0,1265.0,222.0,91.2,90.8,93.2
2011,07,Chiapas,4556.0,748.0,3671.0,866.0,82.5,80.6,90.4
2011,08,Chihuahua,4282.0,2105.0,1337.0,1893.0,91.6,89.4,93.2
2011,09,Ciudad de MÃ©xico,22878.0,3119.0,18012.0,3046.0,94.7,95.1,92.9
2011,10,Durango,938.0,496.0,775.0,559.0,92.7,90.8,95.2
2011,11,Guanajuato,6275.0,2003.0,5261.0,1976.0,87.8,86.9,90.3
2011,12,Guerrero,2927.0,1021.0,1613.0,816.0,84.0,79.4,93.0
2011,13,Hidalgo,3733.0,526.0,2644.0,368.0,83.4,82.3,91.6
2011,14,Jalisco,14594.0,3646.0,10499.0,3435.0,87.6,85.0,95.5
2011,15,MÃ©xico,8965.0,1672.0,8422.0,1836.0,86.3,84.9,92.9
2011,16,MichoacÃ¡n de Ocampo,3843.0,923.0,3533.0,653.0,91.1,91.5,88.5
2011,17,Morelos,1403.0,601.0,585.0,557.0,84.1,76.9,91.6
2011,18,Nayarit,3248.0,322.0,2000.0,164.0,86.2,85.6,94.5
2011,19,Nuevo LeÃ³n,5687.0,1773.0,2581.0,1360.0,93.9,92.3,97.1
2011,20,Oaxaca,4025.0,1754.0,1437.0,1144.0,88.7,84.9,93.5
2011,21,Puebla,4945.0,926.0,3909.0,801.0,92.7,92.6,93.1
2011,22,QuerÃ©taro,4178.0,928.0,2032.0,573.0,83.0,79.6,95.1
2011,23,Quintana Roo,3294.0,819.0,1410.0,487.0,82.7,78.0,96.1
2011,24,San Luis PotosÃ­,4250.0,766.0,2028.0,517.0,83.1,82.2,86.7
2011,25,Sinaloa,10002.0,1744.0,3485.0,1494.0,91.4,90.0,94.5
2011,26,Sonora,8593.0,3532.0,6953.0,2599.0,91.2,90.0,94.5
2011,27,Tabasco,3786.0,658.0,1985.0,432.0,91.3,90.7,94.0
2011,28,Tamaulipas,4118.0,1685.0,3703.0,1029.0,78.9,75.8,90.2
2011,29,Tlaxcala,1119.0,269.0,596.0,187.0,78.7,76.3,86.1
2011,30,Veracruz de Ignacio de la Llave,7315.0,1033.0,4017.0,920.0,88.2,87.7,90.4
2011,31,YucatÃ¡n,2948.0,305.0,1677.0,324.0,80.3,79.5,84.6
2011,32,Zacatecas,1759.0,287.0,1102.0,238.0,82.0,78.8,97.1
2011,33,Extranjero,0.0,13.0,2.0,26.0,85.7,50.0,88.5
2011,99,No especificada,151.0,37.0,1003.0,39.0,80.8,81.0,76.9
2012,01,Aguascalientes,1993.0,583.0,1261.0,424.0,90.9,89.1,96.0
2012,02,Baja California,8624.0,6355.0,7939.0,6060.0,93.2,93.7,92.5
2012,03,Baja California Sur,1445.0,713.0,1122.0,844.0,86.4,77.3,98.5
2012,04,Campeche,1352.0,265.0,680.0,216.0,79.0,77.9,82.4
2012,05,Coahuila de Zaragoza,1994.0,703.0,1344.0,593.0,86.3,84.4,90.7
2012,06,Colima,2736.0,238.0,1278.0,150.0,94.4,94.8,90.7
2012,07,Chiapas,3629.0,559.0,3406.0,916.0,81.6,80.2,86.6
2012,08,Chihuahua,4993.0,2122.0,935.0,2052.0,92.4,88.9,94.0
2012,09,Ciudad de MÃ©xico,26138.0,1636.0,19261.0,1815.0,97.7,98.5,88.9
2012,10,Durango,692.0,557.0,632.0,416.0,91.2,87.5,96.9
2012,11,Guanajuato,5448.0,2029.0,4271.0,1714.0,82.6,79.7,89.8
2012,12,Guerrero,3241.0,1098.0,2178.0,891.0,82.8,79.2,91.6
2012,13,Hidalgo,3828.0,508.0,2689.0,372.0,80.2,79.0,89.0
2012,14,Jalisco,14163.0,3085.0,9922.0,3149.0,87.8,84.9,97.0
2012,15,MÃ©xico,7083.0,1415.0,7853.0,1218.0,89.3,89.0,91.0
2012,16,MichoacÃ¡n de Ocampo,3489.0,1164.0,2838.0,779.0,92.0,92.0,92.0
2012,17,Morelos,1306.0,763.0,576.0,623.0,83.0,71.9,93.3
2012,18,Nayarit,4475.0,206.0,2202.0,86.0,91.1,90.9,96.5
2012,19,Nuevo LeÃ³n,5736.0,1604.0,3292.0,1689.0,93.2,91.9,95.9
2012,20,Oaxaca,3802.0,1417.0,1580.0,1324.0,88.2,84.6,92.6
2012,21,Puebla,5381.0,993.0,3735.0,853.0,90.4,89.7,93.3
2012,22,QuerÃ©taro,4852.0,676.0,2332.0,755.0,86.4,83.1,96.4
2012,23,Quintana Roo,3633.0,601.0,1417.0,586.0,81.2,76.2,93.2
2012,24,San Luis PotosÃ­,4517.0,601.0,1954.0,456.0,79.5,79.4,80.0
2012,25,Sinaloa,8911.0,1746.0,3676.0,1693.0,93.1,91.9,95.7
2012,26,Sonora,9926.0,2621.0,7360.0,2781.0,88.5,87.2,91.9
2012,27,Tabasco,2937.0,589.0,1837.0,350.0,85.8,85.8,85.7
2012,28,Tamaulipas,4256.0,1510.0,3350.0,1320.0,78.8,74.5,89.8
2012,29,Tlaxcala,1119.0,384.0,726.0,252.0,77.6,72.3,92.9
2012,30,Veracruz de Ignacio de la Llave,6728.0,1686.0,3991.0,960.0,85.8,87.9,76.9
2012,31,YucatÃ¡n,2861.0,355.0,1461.0,262.0,77.2,76.1,83.6
2012,32,Zacatecas,2002.0,436.0,1013.0,252.0,82.5,79.5,94.4
2012,33,Extranjero,2.0,8.0,2.0,10.0,75.0,100.0,70.0
2012,99,No especificada,154.0,27.0,103.0,30.0,66.2,64.1,73.3
