Year,State_ID,State,Capacidad instalada de las plantas potabilizadoras en operaciÃ³n (litros por segundo) a/,Capacidad total de almacenamiento de las presas (millones de metros cÃºbicos) b/,Capacidad Ãºtil de almacenamiento de las presas (millones de metros cÃºbicos) b/,CrÃ©ditos en programas de vivienda,Fuentes de abastecimiento de agua a/,InversiÃ³n ejercida en programas de vivienda (miles de pesos),Jardines vecinales a/,Localidades con el servicio de drenaje y alcantarillado a/,Localidades con el servicio de energÃ­a elÃ©ctrica a/,Localidades con red de distribuciÃ³n de agua entubada a/,Parques de juegos infantiles a/,Plantas potabilizadoras de agua en operaciÃ³n a/,Sistemas de agua entubada a/,Sistemas de drenaje y alcantarillado a/,Tomas domiciliarias de agua entubada a/,Tomas instaladas de energÃ­a elÃ©ctrica a/,Volumen anual utilizado de agua de las presas (millones de metros cÃºbicos) c/,Volumen suministrado anual de agua potable (millones de metros cÃºbicos) b/
1994,01,Aguascalientes,ND,463,438,19536.0,395,367932.0,104,282,926,282,47,ND,241,282,172332,192172,168,ND
1994,02,Baja California,ND,184,174,9590.0,356,591993.0,ND,18,1104,29,ND,ND,ND,ND,413365,546863,49,ND
1994,03,Baja California Sur,ND,43,25,2253.0,171,79668.0,ND,10,730,139,7,ND,120,10,87114,91079,5,ND
1994,04,Campeche,ND,0,0,16420.0,405,180509.0,18,4,217,218,101,ND,218,4,101385,100641,0,ND
1994,05,Coahuila de Zaragoza,ND,8666,5949,20005.0,298,819414.0,ND,55,749,334,ND,ND,47,47,424051,518371,4087,ND
1994,06,Colima,0,0,0,7031.0,234,205343.0,118,ND,532,173,35,0,168,ND,122141,128649,108,0
1994,07,Chiapas,ND,34501,22902,25069.0,178,204226.0,ND,254,ND,111,ND,ND,111,254,228246,ND,40287,ND
1994,08,Chihuahua,ND,4528,742,19027.0,356,817435.0,ND,119,2993,822,ND,ND,783,119,580713,532692,2161,ND
1994,09,Ciudad de MÃ©xico,2143,2,ND,21433.0,740,2044371.0,ND,ND,ND,ND,ND,12,ND,ND,ND,2449560,ND,39
1994,10,Durango,ND,4510,4093,12573.0,491,372430.0,ND,1159,2013,1690,ND,ND,35,1159,265989,295984,1413,ND
1994,11,Guanajuato,ND,ND,ND,8468.0,1703,463757.0,227,586,4242,1510,271,ND,ND,ND,520053,865177,ND,ND
1994,12,Guerrero,ND,728,ND,5757.0,ND,295162.0,ND,48,1998,1155,74,ND,ND,48,208365,514761,483,ND
1994,13,Hidalgo,ND,ND,ND,36975.0,415,395687.0,ND,62,1037,495,ND,ND,198,62,195947,123571,ND,ND
1994,14,Jalisco,ND,ND,ND,10363.0,941,640259.0,ND,ND,ND,ND,ND,ND,ND,ND,920863,ND,ND,ND
1994,15,MÃ©xico,ND,1096,ND,30853.0,85,1116853.0,ND,ND,998,ND,ND,ND,ND,ND,1294419,2042737,ND,ND
1994,16,MichoacÃ¡n de Ocampo,ND,1585,1081,10037.0,286,354197.0,ND,ND,2528,ND,ND,ND,56,ND,425789,841135,1081,ND
1994,17,Morelos,ND,62,44,5484.0,163,178405.0,87,ND,343,51,37,ND,45,ND,158824,329196,ND,ND
1994,18,Nayarit,ND,6980,2604,4856.0,612,119305.0,161,52,766,ND,31,ND,24,52,120152,211563,ND,ND
1994,19,Nuevo LeÃ³n,ND,571,412,21672.0,89,968571.0,ND,ND,ND,ND,ND,ND,ND,ND,728480,ND,ND,ND
1994,20,Oaxaca,ND,12515,10996,16018.0,1698,218647.0,ND,ND,3235,1628,ND,ND,1628,132,326532,665275,8511,ND
1994,21,Puebla,ND,477,366,13015.0,1409,456894.0,65,88,ND,50,22,ND,41,88,368754,ND,265,ND
1994,22,QuerÃ©taro,ND,267,252,14340.0,208,300935.0,107,174,ND,356,30,ND,139,174,163018,ND,139,ND
1994,23,Quintana Roo,ND,0,0,4297.0,588,121121.0,176,5,ND,259,82,ND,10,5,111777,ND,0,ND
1994,24,San Luis PotosÃ­,ND,161,137,24117.0,207,640224.0,ND,ND,1446,ND,ND,ND,ND,ND,266045,419327,74,ND
1994,25,Sinaloa,ND,22447,12352,13268.0,1007,435454.0,128,139,2588,1214,63,ND,907,139,462996,512495,12118,ND
1994,26,Sonora,ND,9365,7396,11086.0,835,562557.0,ND,ND,6016,ND,ND,ND,ND,ND,ND,446561,9449,ND
1994,27,Tabasco,ND,0,0,28934.0,404,282715.0,ND,100,525,566,ND,ND,342,97,233783,343495,0,ND
1994,28,Tamaulipas,ND,7431,7224,26770.0,755,880289.0,123,63,ND,900,23,ND,731,60,528587,602248,2698,ND
1994,29,Tlaxcala,0,78,48,3607.0,368,93789.0,0,227,420,442,0,0,307,227,ND,176830,16,0
1994,30,Veracruz de Ignacio de la Llave,ND,869,560,11408.0,1598,610764.0,ND,155,ND,444,ND,ND,385,170,587061,ND,1170,ND
1994,31,YucatÃ¡n,ND,0,0,12780.0,546,366671.0,ND,ND,ND,387,ND,ND,392,ND,301478,383667,0,ND
1994,32,Zacatecas,ND,747,262,8553.0,827,140762.0,ND,335,4564,874,ND,ND,765,335,226476,346628,258,ND
1995,01,Aguascalientes,ND,458,436,13708.0,408,352475.0,121,285,935,285,82,ND,242,285,186116,207598,186,ND
1995,02,Baja California,ND,184,174,9250.0,355,757392.0,ND,11,1106,25,ND,ND,ND,ND,454423,581621,88,ND
1995,03,Baja California Sur,ND,41,25,1637.0,171,87619.0,ND,10,743,139,7,ND,120,10,90440,94626,5,ND
1995,04,Campeche,ND,0,0,5727.0,444,106399.0,12,4,263,225,93,ND,222,4,101048,107196,0,ND
1995,05,Coahuila de Zaragoza,ND,8668,5950,12591.0,181,573670.0,ND,ND,399,ND,ND,ND,17,17,376202,540173,4087,ND
1995,06,Colima,0,0,0,14176.0,265,189168.0,158,58,243,187,27,0,187,58,133449,136434,91,0
1995,07,Chiapas,ND,34501,22902,45659.0,413,329191.0,ND,257,ND,1289,ND,ND,1289,257,328158,ND,50128,ND
1995,08,Chihuahua,ND,4528,823,19028.0,462,671586.0,550,126,3013,859,145,ND,791,126,601715,727323,308,ND
1995,09,Ciudad de MÃ©xico,2308,2,ND,30465.0,409,2696357.0,ND,ND,ND,ND,ND,15,ND,ND,ND,2419412,ND,43
1995,10,Durango,ND,4543,4124,16265.0,618,394962.0,ND,922,2015,1421,ND,ND,36,921,286102,299880,180,ND
1995,11,Guanajuato,ND,2655,1572,9498.0,422,549629.0,241,ND,4429,ND,ND,ND,ND,ND,540471,937088,ND,ND
1995,12,Guerrero,ND,2283,1349,40145.0,ND,283883.0,ND,58,2116,ND,ND,ND,ND,58,217186,523782,ND,ND
1995,13,Hidalgo,ND,1921,ND,27354.0,493,289447.0,38,157,1087,1031,6,ND,407,157,ND,130179,ND,ND
1995,14,Jalisco,ND,2529,1913,9131.0,847,768924.0,ND,ND,1460,ND,ND,ND,48,ND,1187321,1246786,973,ND
1995,15,MÃ©xico,ND,1314,ND,60374.0,66,666906.0,ND,ND,ND,ND,ND,ND,ND,ND,2073371,2197979,ND,ND
1995,16,MichoacÃ¡n de Ocampo,ND,ND,ND,4504.0,792,317481.0,ND,ND,2590,ND,ND,ND,58,ND,427567,876203,ND,ND
1995,17,Morelos,ND,54,48,3090.0,488,141503.0,346,ND,343,ND,122,ND,45,ND,179987,350285,ND,ND
1995,18,Nayarit,ND,7003,2606,7782.0,641,107339.0,ND,51,562,ND,ND,ND,24,51,125408,214678,ND,ND
1995,19,Nuevo LeÃ³n,ND,2412,1543,64323.0,89,1196736.0,ND,ND,916,ND,ND,ND,ND,ND,764191,859232,ND,ND
1995,20,Oaxaca,ND,12515,10996,23499.0,1702,131570.0,ND,ND,3210,1628,ND,ND,1628,189,331855,673416,8511,ND
1995,21,Puebla,ND,667,366,4780.0,1668,274491.0,76,430,ND,1242,32,ND,1250,442,632250,ND,1285,ND
1995,22,QuerÃ©taro,ND,ND,ND,3214.0,214,174701.0,ND,177,ND,383,ND,ND,160,177,183538,ND,ND,ND
1995,23,Quintana Roo,ND,0,0,13171.0,596,238961.0,176,6,669,258,82,ND,10,6,114016,166223,0,ND
1995,24,San Luis PotosÃ­,ND,161,137,18150.0,207,550110.0,ND,376,ND,ND,ND,ND,ND,376,276842,442353,74,ND
1995,25,Sinaloa,ND,22447,14370,10085.0,1037,555190.0,83,147,2588,1266,98,ND,935,147,483906,533639,8346,ND
1995,26,Sonora,ND,9365,5382,10473.0,834,770441.0,ND,86,3089,588,ND,ND,588,86,460730,471289,6988,ND
1995,27,Tabasco,ND,0,0,23691.0,405,181434.0,135,104,527,679,116,ND,356,104,237754,348224,0,ND
1995,28,Tamaulipas,ND,7431,7224,9635.0,762,668288.0,123,63,ND,974,23,ND,778,60,542977,ND,2125,ND
1995,29,Tlaxcala,0,78,54,2868.0,389,104057.0,0,235,439,450,0,0,305,235,ND,178462,20,0
1995,30,Veracruz de Ignacio de la Llave,ND,869,560,10447.0,960,661650.0,ND,203,ND,471,ND,ND,404,203,615114,ND,1270,ND
1995,31,YucatÃ¡n,ND,0,0,7016.0,606,397427.0,ND,3,571,449,ND,ND,480,10,321211,408891,0,ND
1995,32,Zacatecas,ND,754,605,4425.0,865,115008.0,ND,336,3510,916,ND,ND,778,325,241024,282992,215,ND
1996,01,Aguascalientes,ND,459,438,14755.0,413,357030.0,106,241,935,347,81,ND,253,241,180657,210315,186,ND
1996,02,Baja California,ND,184,174,7908.0,369,761200.0,ND,14,3009,201,ND,ND,204,15,523528,596048,69,ND
1996,03,Baja California Sur,ND,35,26,3821.0,167,147661.0,ND,10,1369,139,7,ND,120,10,93926,98408,18,ND
1996,04,Campeche,ND,0,0,2532.0,471,100794.0,49,4,266,ND,109,ND,252,4,109291,110395,0,ND
1996,05,Coahuila de Zaragoza,ND,8673,5956,6848.0,257,572603.0,ND,ND,758,ND,ND,ND,ND,27,454104,563303,284,ND
1996,06,Colima,0,0,0,3604.0,244,166791.0,196,65,152,205,41,0,205,65,132768,143190,90,0
1996,07,Chiapas,ND,34501,21441,59876.0,430,305718.0,19,295,687,1979,154,ND,1979,295,381972,634934,67620,ND
1996,08,Chihuahua,ND,4458,2839,23743.0,394,897889.0,ND,136,3009,895,ND,ND,811,136,614174,699865,750,ND
1996,09,Ciudad de MÃ©xico,2308,2,ND,27328.0,369,2175236.0,ND,ND,ND,ND,ND,15,ND,ND,1384395,2293280,ND,43
1996,10,Durango,ND,4590,4005,13229.0,2511,268742.0,ND,1161,1974,1776,ND,ND,42,1161,299194,317591,718,ND
1996,11,Guanajuato,ND,ND,ND,10517.0,462,686004.0,ND,ND,6802,113,ND,ND,ND,46,578684,985227,ND,ND
1996,12,Guerrero,ND,ND,ND,72738.0,ND,424440.0,ND,ND,ND,ND,268,ND,ND,ND,201994,514054,ND,ND
1996,13,Hidalgo,ND,1943,ND,11468.0,ND,336816.0,38,157,755,1087,6,ND,410,157,ND,417211,ND,ND
1996,14,Jalisco,ND,2077,1828,25186.0,1200,861477.0,ND,ND,1466,ND,ND,ND,48,48,1024260,1292411,ND,ND
1996,15,MÃ©xico,ND,1230,ND,17265.0,178,1888092.0,ND,ND,ND,ND,ND,ND,ND,ND,1524745,2345060,ND,ND
1996,16,MichoacÃ¡n de Ocampo,ND,15288,ND,5042.0,ND,403419.0,9,ND,ND,ND,ND,ND,ND,ND,424303,858520,ND,ND
1996,17,Morelos,ND,54,47,6476.0,504,205036.0,360,ND,343,ND,118,ND,ND,ND,245645,355968,ND,ND
1996,18,Nayarit,ND,5584,2606,8463.0,695,170341.0,194,56,566,33,16,ND,22,56,131976,224212,5984,ND
1996,19,Nuevo LeÃ³n,ND,2397,1541,13934.0,509,939254.0,ND,ND,909,ND,ND,ND,ND,ND,781986,898865,ND,ND
1996,20,Oaxaca,ND,12516,10969,39008.0,1742,288212.0,ND,ND,4082,1627,ND,ND,1627,194,460404,687704,8146,ND
1996,21,Puebla,ND,667,366,32074.0,1743,387394.0,68,472,ND,1310,36,ND,1318,484,614901,ND,1481,ND
1996,22,QuerÃ©taro,ND,ND,ND,4734.0,227,435038.0,ND,177,ND,396,ND,ND,164,177,201869,ND,ND,ND
1996,23,Quintana Roo,ND,0,0,15907.0,597,306828.0,176,6,466,278,82,ND,11,6,125299,172172,0,ND
1996,24,San Luis PotosÃ­,ND,234,178,18140.0,208,514851.0,ND,432,ND,ND,ND,ND,ND,432,295544,454521,178,ND
1996,25,Sinaloa,ND,22079,14784,15824.0,1056,738811.0,ND,155,2567,1317,ND,ND,953,155,502553,555038,9904,ND
1996,26,Sonora,ND,9365,7393,8586.0,886,701192.0,ND,86,5161,697,ND,ND,697,86,465802,483752,ND,ND
1996,27,Tabasco,ND,0,0,18151.0,410,225687.0,100,105,547,722,76,ND,383,105,250967,352943,0,ND
1996,28,Tamaulipas,ND,14111,8878,38558.0,ND,766349.0,ND,ND,ND,ND,ND,ND,ND,ND,ND,653398,1630,ND
1996,29,Tlaxcala,0,78,54,4382.0,392,139881.0,0,ND,376,450,0,0,305,ND,ND,176487,21,0
1996,30,Veracruz de Ignacio de la Llave,ND,869,560,11220.0,1073,794740.0,ND,280,3841,1647,ND,ND,1701,288,803400,1311553,1140,ND
1996,31,YucatÃ¡n,ND,0,0,46871.0,670,314830.0,ND,3,585,511,ND,ND,543,10,324850,409624,0,ND
1996,32,Zacatecas,ND,753,605,3751.0,953,117172.0,ND,370,3603,1023,ND,ND,876,341,252044,327120,259,ND
1997,01,Aguascalientes,ND,459,438,6679.0,413,339968.0,219,241,937,347,12,ND,253,241,187622,225666,186,ND
1997,02,Baja California,ND,190,135,8454.0,373,793603.0,20,ND,3008,52,39,ND,27,ND,537401,622736,88,ND
1997,03,Baja California Sur,ND,35,26,2730.0,173,116514.0,ND,15,1312,112,21,ND,107,12,97820,103915,17,ND
1997,04,Campeche,ND,0,0,5023.0,497,162291.0,82,6,268,280,116,ND,281,6,120682,113115,0,ND
1997,05,Coahuila de Zaragoza,ND,8673,5278,22089.0,318,941825.0,ND,ND,750,ND,ND,ND,ND,27,462339,568717,270,ND
1997,06,Colima,0,0,0,6943.0,216,153777.0,154,65,ND,205,45,0,205,65,137801,141113,150,0
1997,07,Chiapas,ND,36835,22902,64326.0,657,414768.0,57,296,3362,2314,14,ND,2314,296,392590,666335,53448,ND
1997,08,Chihuahua,ND,4263,2044,17161.0,411,841134.0,ND,160,3292,934,ND,ND,845,160,646818,728333,2689,ND
1997,09,Ciudad de MÃ©xico,2308,2,ND,28669.0,470,3086529.0,ND,ND,ND,ND,ND,15,ND,ND,1631398,2316212,ND,43
1997,10,Durango,ND,4590,4005,5295.0,2580,354776.0,ND,1212,3240,2088,ND,ND,42,1212,315026,330270,1288,ND
1997,11,Guanajuato,ND,ND,ND,12008.0,462,789867.0,ND,195,6909,ND,ND,ND,46,46,607331,1021458,ND,ND
1997,12,Guerrero,ND,ND,ND,12262.0,ND,442223.0,156,140,ND,ND,118,ND,ND,140,236170,536722,ND,ND
1997,13,Hidalgo,ND,1943,ND,28509.0,ND,382413.0,32,452,831,ND,6,ND,ND,452,ND,443255,ND,ND
1997,14,Jalisco,ND,10173,ND,9549.0,1136,902628.0,ND,ND,ND,66,ND,ND,63,ND,1111344,ND,ND,ND
1997,15,MÃ©xico,ND,1331,837,94842.0,166,1509082.0,ND,ND,1008,ND,ND,ND,ND,ND,1613557,2399970,1000,ND
1997,16,MichoacÃ¡n de Ocampo,ND,16055,ND,8926.0,462,494124.0,ND,ND,ND,118,ND,ND,1,ND,15731,892733,ND,ND
1997,17,Morelos,ND,54,47,2635.0,510,215478.0,358,ND,343,ND,131,ND,ND,ND,ND,366185,ND,ND
1997,18,Nayarit,ND,5585,2607,4847.0,669,142605.0,ND,58,569,33,ND,ND,22,58,134079,234157,5984,ND
1997,19,Nuevo LeÃ³n,ND,ND,ND,11820.0,512,1199936.0,ND,ND,923,ND,ND,ND,ND,ND,805005,921213,ND,ND
1997,20,Oaxaca,ND,15011,10978,65199.0,1823,408052.0,ND,ND,4164,1709,ND,ND,1709,196,469702,710542,8032,ND
1997,21,Puebla,ND,667,366,14407.0,2044,404911.0,ND,591,1793,1504,ND,ND,1508,607,692858,816667,1570,ND
1997,22,QuerÃ©taro,ND,261,247,20963.0,275,466719.0,103,178,1428,527,29,ND,235,178,236778,ND,ND,ND
1997,23,Quintana Roo,ND,0,0,15907.0,624,306828.0,176,6,ND,277,82,ND,11,6,137383,ND,0,ND
1997,24,San Luis PotosÃ­,ND,259,187,6115.0,224,553428.0,ND,ND,ND,ND,ND,ND,ND,ND,298591,480258,133,ND
1997,25,Sinaloa,ND,22079,14786,8567.0,1188,788022.0,ND,170,4233,1380,ND,ND,1034,170,525666,576814,9121,ND
1997,26,Sonora,ND,9174,7432,13039.0,907,639480.0,ND,96,5370,697,ND,ND,697,96,483703,506405,9112,ND
1997,27,Tabasco,ND,0,0,3935.0,481,241753.0,98,126,1049,834,50,ND,447,126,269009,363623,0,ND
1997,28,Tamaulipas,ND,7464,7080,12653.0,1283,935582.0,120,56,ND,1258,20,ND,1027,50,619257,684330,ND,ND
1997,29,Tlaxcala,0,78,54,3778.0,420,124298.0,ND,599,378,548,ND,0,314,ND,173955,178317,22,0
1997,30,Veracruz de Ignacio de la Llave,ND,869,560,12844.0,885,587881.0,ND,304,4082,1842,ND,ND,1545,312,854708,1378087,1009,ND
1997,31,YucatÃ¡n,ND,0,0,20182.0,683,338318.0,ND,3,1397,561,ND,ND,561,10,326896,427809,0,ND
1997,32,Zacatecas,ND,753,605,12986.0,1000,127621.0,ND,390,3674,1060,ND,ND,917,361,257883,353030,312,ND
1998,01,Aguascalientes,ND,458,438,8377.0,411,418893.0,84,308,1338,348,16,ND,257,308,187596,234131,142,ND
1998,02,Baja California,ND,188,135,10090.0,379,1048933.0,ND,ND,3009,29,ND,ND,29,ND,550219,670893,94,ND
1998,03,Baja California Sur,ND,35,26,1900.0,187,215928.0,ND,17,1314,112,29,ND,102,12,101050,110251,21,ND
1998,04,Campeche,ND,0,0,10308.0,524,116414.0,114,17,279,300,202,ND,293,17,121755,151357,0,ND
1998,05,Coahuila de Zaragoza,ND,8652,5262,9297.0,314,973167.0,ND,29,406,ND,ND,ND,37,29,508006,379411,783,ND
1998,06,Colima,0,0,0,3940.0,307,228178.0,155,67,ND,208,59,0,208,67,143667,ND,92,0
1998,07,Chiapas,ND,36835,23138,3075.0,6697,199087.0,71,296,3407,3108,18,ND,3108,296,414093,662412,44939,ND
1998,08,Chihuahua,ND,4507,1304,21833.0,422,1463092.0,206,180,1128,938,46,ND,862,180,671598,759084,2070,ND
1998,09,Ciudad de MÃ©xico,2921,2,ND,27870.0,363,4152675.0,606,ND,ND,ND,546,26,ND,ND,1697100,2374869,ND,57
1998,10,Durango,ND,4590,4005,8023.0,3620,278868.0,245,1212,1024,2088,40,ND,43,1212,330325,339350,622,ND
1998,11,Guanajuato,ND,ND,ND,11347.0,486,898687.0,ND,ND,6926,ND,ND,ND,46,ND,623359,1034796,ND,ND
1998,12,Guerrero,ND,ND,481,2801.0,ND,288554.0,ND,140,ND,ND,126,ND,1664,140,254401,ND,ND,ND
1998,13,Hidalgo,ND,310,258,13518.0,809,504052.0,32,522,1405,1503,30,ND,649,522,358924,469028,537,ND
1998,14,Jalisco,ND,10173,ND,12258.0,1218,1433717.0,ND,ND,1541,67,ND,ND,64,ND,1086006,1398812,ND,ND
1998,15,MÃ©xico,ND,1331,837,102334.0,172,3576436.0,ND,ND,ND,ND,ND,ND,ND,ND,1639607,2421744,1000,ND
1998,16,MichoacÃ¡n de Ocampo,ND,15205,11672,5273.0,2269,621262.0,56,ND,ND,ND,13,ND,1,ND,124514,938304,29298,ND
1998,17,Morelos,ND,54,47,2684.0,ND,260759.0,344,ND,ND,ND,146,ND,ND,ND,ND,103398,ND,ND
1998,18,Nayarit,ND,5585,2607,2081.0,1762,243538.0,307,66,569,33,42,ND,22,66,138148,245889,5984,ND
1998,19,Nuevo LeÃ³n,ND,2363,1533,11105.0,544,1369950.0,ND,ND,923,ND,ND,ND,ND,ND,807312,943380,ND,ND
1998,20,Oaxaca,ND,15010,10977,3064.0,1856,262374.0,43,ND,4164,1741,29,ND,1741,212,470078,734341,8026,ND
1998,21,Puebla,ND,481,366,6198.0,2889,588176.0,215,800,ND,1792,116,ND,1821,811,733896,848051,1438,ND
1998,22,QuerÃ©taro,ND,ND,ND,17471.0,234,669076.0,ND,206,1492,432,ND,ND,152,206,216870,ND,ND,ND
1998,23,Quintana Roo,ND,0,0,18101.0,630,442337.0,199,6,ND,277,104,ND,251,6,146828,192840,0,ND
1998,24,San Luis PotosÃ­,ND,268,180,5876.0,224,555746.0,ND,ND,ND,ND,ND,ND,ND,ND,345138,503020,123,ND
1998,25,Sinaloa,ND,22079,14786,7887.0,1222,735247.0,94,183,4305,1445,100,ND,1049,183,539251,602377,9121,ND
1998,26,Sonora,ND,10375,7561,8583.0,893,890353.0,ND,96,5377,697,ND,ND,697,96,496784,528554,ND,ND
1998,27,Tabasco,ND,0,0,8167.0,505,346350.0,169,129,494,883,83,ND,471,129,282386,381649,0,ND
1998,28,Tamaulipas,ND,7464,7081,46170.0,723,963585.0,156,ND,ND,ND,62,ND,ND,ND,ND,640614,ND,ND
1998,29,Tlaxcala,0,78,45,1231.0,432,144264.0,ND,494,380,752,ND,0,318,ND,ND,185799,15,0
1998,30,Veracruz de Ignacio de la Llave,ND,878,608,10420.0,35574,919304.0,ND,315,4296,1872,ND,ND,1553,316,874630,1444708,1002,ND
1998,31,YucatÃ¡n,ND,0,0,15026.0,683,541237.0,ND,3,1408,563,ND,ND,563,10,328232,439930,0,ND
1998,32,Zacatecas,ND,753,605,14661.0,1006,169282.0,ND,411,3677,1102,ND,ND,983,400,275114,372691,242,ND
1999,01,Aguascalientes,ND,458,438,12712.0,427,649072.0,192,291,1342,352,48,ND,248,291,193901,246017,142,ND
1999,02,Baja California,ND,188,135,13838.0,437,1647024.0,ND,ND,3010,234,ND,ND,243,ND,562152,697803,94,ND
1999,03,Baja California Sur,ND,35,26,2921.0,188,346179.0,32,17,1321,113,96,ND,112,14,107238,119961,8,ND
1999,04,Campeche,ND,0,0,4687.0,542,179624.0,112,23,271,314,169,ND,305,23,128225,117603,0,ND
1999,05,Coahuila de Zaragoza,ND,8652,5262,11608.0,318,1643531.0,ND,29,406,221,ND,ND,37,29,526009,391408,174,ND
1999,06,Colima,0,0,0,3744.0,309,398987.0,154,69,ND,209,86,0,209,69,148968,156859,92,0
1999,07,Chiapas,ND,36835,23138,28501.0,17578,892633.0,108,346,2271,3123,233,ND,3123,346,414093,516253,49170,ND
1999,08,Chihuahua,ND,2087,1844,24608.0,9655,2173019.0,ND,187,1219,943,ND,ND,866,186,699516,787936,1206,ND
1999,09,Ciudad de MÃ©xico,3261,3,ND,37552.0,419,5369543.0,719,ND,ND,ND,501,32,ND,ND,1079989,2357062,ND,66
1999,10,Durango,ND,4590,4005,6082.0,6131,580544.0,151,1212,1043,2105,24,ND,47,1212,348530,350421,799,ND
1999,11,Guanajuato,ND,1857,1098,18526.0,503,1774524.0,ND,205,6953,203,ND,ND,ND,ND,641821,1100292,980,ND
1999,12,Guerrero,ND,ND,3318,3305.0,7592,440275.0,ND,160,ND,ND,ND,ND,1802,160,273517,ND,ND,ND
1999,13,Hidalgo,ND,1743,1441,7975.0,809,1146673.0,32,522,1630,1503,30,ND,649,522,325723,498809,1355,ND
1999,14,Jalisco,ND,ND,13088,18859.0,1568,2430763.0,ND,65,1521,65,ND,ND,65,65,1185716,1460901,ND,ND
1999,15,MÃ©xico,ND,1331,837,102334.0,177,3576436.0,ND,ND,ND,ND,ND,ND,ND,ND,1700931,2505410,1000,ND
1999,16,MichoacÃ¡n de Ocampo,ND,ND,ND,6186.0,2486,837108.0,ND,16,ND,16,ND,ND,1,16,133133,979064,ND,ND
1999,17,Morelos,ND,ND,ND,4438.0,ND,590904.0,344,ND,ND,ND,146,ND,ND,ND,ND,ND,ND,ND
1999,18,Nayarit,ND,5585,2607,3066.0,1864,414169.0,ND,67,580,39,ND,ND,28,67,147733,258732,ND,ND
1999,19,Nuevo LeÃ³n,ND,ND,ND,18013.0,545,2647545.0,ND,ND,923,ND,ND,ND,ND,ND,837428,975958,ND,ND
1999,20,Oaxaca,ND,15010,10977,4052.0,1876,375274.0,41,217,6479,1762,18,ND,1762,217,473793,758880,8026,ND
1999,21,Puebla,ND,481,366,15549.0,2974,1309787.0,ND,848,ND,2037,ND,ND,2055,857,ND,ND,1421,ND
1999,22,QuerÃ©taro,ND,277,239,10822.0,270,1029671.0,ND,213,1535,ND,ND,ND,ND,213,ND,ND,ND,ND
1999,23,Quintana Roo,ND,0,0,4011.0,652,462503.0,457,6,ND,278,193,ND,262,16,160633,ND,0,ND
1999,24,San Luis PotosÃ­,ND,209,179,9197.0,921,1085164.0,ND,ND,ND,ND,ND,ND,1104,ND,326059,526300,113,ND
1999,25,Sinaloa,ND,22079,14786,15990.0,1227,2039197.0,ND,213,4319,1506,ND,ND,1073,213,565979,624236,6283,ND
1999,26,Sonora,ND,9386,7524,16525.0,890,2159082.0,ND,331,5378,ND,ND,ND,ND,331,ND,545405,4098,ND
1999,27,Tabasco,ND,0,0,16648.0,533,421411.0,182,130,439,925,145,ND,502,130,315588,330919,0,ND
1999,28,Tamaulipas,ND,9013,7154,15896.0,1158,2352194.0,173,51,ND,1140,18,ND,902,49,677980,ND,ND,ND
1999,29,Tlaxcala,0,79,46,2086.0,432,286848.0,ND,494,379,752,ND,0,318,ND,ND,188157,15,0
1999,30,Veracruz de Ignacio de la Llave,ND,878,608,13779.0,66654,1461028.0,ND,315,4212,1872,ND,ND,1553,316,883205,1504057,708,ND
1999,31,YucatÃ¡n,ND,0,0,7212.0,683,992855.0,ND,3,1417,645,ND,ND,632,10,338202,440782,0,ND
1999,32,Zacatecas,ND,755,606,2887.0,1150,320769.0,ND,427,3786,1146,ND,ND,1045,430,280721,376542,279,ND
2000,01,Aguascalientes,1643,458,438,10072.0,430,875419.0,190,292,1343,352,48,1,248,292,199651,262580,142,1
2000,02,Baja California,8744,188,135,17515.0,255,3139623.0,ND,ND,3010,235,ND,19,243,ND,582619,730363,79,224
2000,03,Baja California Sur,ND,35,26,4206.0,191,461624.0,ND,20,1323,114,99,ND,112,14,112351,127798,2,ND
2000,04,Campeche,325,0,0,25283.0,554,415189.0,159,23,292,338,186,4,316,23,130446,159214,0,1
2000,05,Coahuila de Zaragoza,ND,8651,5450,14688.0,326,2180427.0,ND,ND,345,ND,ND,ND,ND,ND,553674,224522,1022,ND
2000,06,Colima,0,0,0,4613.0,244,571990.0,132,69,ND,210,63,0,210,69,151079,164950,262,0
2000,07,Chiapas,ND,36868,22932,7349.0,18122,771061.0,17,349,336,3431,124,ND,3431,349,414093,36599,82236,ND
2000,08,Chihuahua,357,1490,1247,32190.0,ND,3448676.0,ND,218,722,1041,ND,2,979,206,736901,828937,1842,7
2000,09,Ciudad de MÃ©xico,3261,3,ND,45629.0,413,4282109.0,584,ND,ND,ND,626,32,ND,ND,1112666,2454248,ND,67
2000,10,Durango,22,4590,4005,17546.0,7676,778645.0,92,1115,1034,2105,17,12,159,1115,306926,362713,1525,0
2000,11,Guanajuato,335,1909,1130,18255.0,536,2378869.0,ND,205,6990,203,ND,7,ND,ND,667754,1152576,930,9
2000,12,Guerrero,2460,ND,3318,2240.0,8293,345991.0,ND,181,2974,1874,ND,4,1874,181,281384,ND,ND,55
2000,13,Hidalgo,ND,1743,1368,6910.0,5968,1032938.0,ND,ND,1253,ND,ND,ND,ND,ND,ND,444541,293,ND
2000,14,Jalisco,14000,ND,ND,28973.0,1613,3442886.0,ND,ND,1561,ND,ND,3,ND,ND,1154696,1527578,ND,197
2000,15,MÃ©xico,24060,ND,ND,30435.0,176,9199756.0,ND,ND,ND,ND,ND,5,ND,ND,1730334,2511480,ND,ND
2000,16,MichoacÃ¡n de Ocampo,1028,14852,11570,13231.0,3102,1192425.0,ND,ND,ND,16,ND,3,1,ND,135594,1019183,21974,31
2000,17,Morelos,ND,ND,ND,4106.0,ND,602144.0,ND,ND,ND,ND,146,ND,ND,ND,ND,412847,ND,ND
2000,18,Nayarit,ND,5585,2607,3054.0,ND,455140.0,ND,69,574,40,ND,ND,29,69,154386,272722,ND,ND
2000,19,Nuevo LeÃ³n,ND,2220,484,19825.0,578,3257352.0,ND,ND,923,ND,ND,ND,ND,ND,871838,1013341,181,ND
2000,20,Oaxaca,1150,15010,10977,6244.0,1900,587524.0,47,225,6503,1776,37,5,1776,225,473793,766399,7978,18
2000,21,Puebla,ND,466,359,9354.0,3004,1232686.0,ND,852,ND,2064,ND,ND,2103,862,738676,ND,955,ND
2000,22,QuerÃ©taro,30,277,239,11226.0,271,1235890.0,46,214,1545,563,14,2,168,214,269286,ND,ND,ND
2000,23,Quintana Roo,ND,0,0,6313.0,669,1188240.0,457,6,ND,278,193,ND,263,16,174876,ND,0,ND
2000,24,San Luis PotosÃ­,1085,209,179,11002.0,907,1508045.0,ND,ND,2083,ND,ND,8,815,ND,ND,550258,113,ND
2000,25,Sinaloa,5537,22079,14786,19871.0,1252,2864578.0,49,214,4812,1534,142,123,1091,234,587547,646784,7068,173
2000,26,Sonora,3192,9386,7516,20360.0,895,3097209.0,ND,333,5378,ND,ND,34,ND,333,ND,564606,4998,ND
2000,27,Tabasco,4668,0,0,27056.0,608,483989.0,80,148,990,1047,177,27,593,148,326967,416034,0,147
2000,28,Tamaulipas,ND,13968,8570,21964.0,981,3177161.0,162,51,ND,1129,83,ND,901,49,699550,804778,ND,ND
2000,29,Tlaxcala,0,80,46,6396.0,ND,373729.0,ND,494,ND,752,ND,0,318,ND,ND,192172,16,0
2000,30,Veracruz de Ignacio de la Llave,6183,878,608,16662.0,65725,2216770.0,ND,315,4432,2226,ND,9,1553,316,953782,1574748,122,151
2000,31,YucatÃ¡n,ND,0,0,8858.0,688,1316052.0,ND,3,1417,645,ND,ND,632,10,341190,464624,0,ND
2000,32,Zacatecas,ND,755,606,4261.0,1201,333872.0,ND,439,3786,1153,ND,ND,1064,436,291894,391892,184,ND
2001,01,Aguascalientes,1643,458,438,18928.0,430,904545.0,162,292,1453,352,49,1,248,292,207328,274774,142,1
2001,02,Baja California,8744,188,135,17304.0,256,4101790.0,ND,13,ND,239,ND,19,256,13,616422,761872,2200,195
2001,03,Baja California Sur,ND,35,ND,4885.0,192,516914.0,ND,20,1961,114,ND,ND,112,14,117221,135161,2,ND
2001,04,Campeche,45,0,0,17268.0,577,408431.0,135,23,346,379,244,3,333,23,134245,166110,0,1
2001,05,Coahuila de Zaragoza,1525,7926,5450,15769.0,455,2194992.0,ND,56,709,ND,ND,5,ND,22,510003,652199,812,48
2001,06,Colima,0,0,0,5657.0,309,663125.0,157,69,ND,209,53,0,209,71,165929,174344,262,0
2001,07,Chiapas,2500,36868,30495,9507.0,18613,598663.0,3,349,2478,3433,11,2,3433,349,434310,534507,64832,60
2001,08,Chihuahua,357,1238,995,20281.0,9739,3690376.0,ND,240,1104,1417,ND,2,1349,215,780545,868412,1298,7
2001,09,Ciudad de MÃ©xico,2385,3,ND,56371.0,482,7834083.0,869,ND,ND,ND,614,27,ND,ND,1094835,2529947,ND,42
2001,10,Durango,22,4590,4005,13410.0,7609,712393.0,163,1255,1037,2150,13,12,169,897,306860,369888,877,0
2001,11,Guanajuato,335,1905,1167,16984.0,530,2270800.0,ND,217,7366,215,ND,7,ND,ND,712605,1191935,381,9
2001,12,Guerrero,2690,ND,3330,3312.0,7665,418849.0,ND,220,ND,ND,ND,5,ND,220,282158,ND,ND,70
2001,13,Hidalgo,80,1743,1444,10789.0,ND,1370991.0,ND,ND,ND,ND,ND,1,ND,ND,ND,353434,1223,1
2001,14,Jalisco,14519,9347,2305,16063.0,1742,3557230.0,ND,ND,1638,ND,ND,20,91,ND,1230617,1583248,1070,194
2001,15,MÃ©xico,20790,ND,ND,28425.0,180,5728303.0,ND,ND,ND,ND,ND,6,ND,ND,2545429,2601423,ND,520
2001,16,MichoacÃ¡n de Ocampo,1028,14852,11568,9627.0,3230,1290457.0,ND,ND,2851,ND,ND,3,ND,ND,ND,1058143,22441,32
2001,17,Morelos,ND,ND,ND,5948.0,75,786406.0,71,ND,781,ND,67,ND,ND,ND,79266,448097,ND,ND
2001,18,Nayarit,420,5585,2607,3895.0,1784,592485.0,ND,76,576,41,ND,4,30,76,160359,280597,ND,ND
2001,19,Nuevo LeÃ³n,14385,2220,708,18175.0,584,3953632.0,ND,ND,926,ND,ND,8,ND,ND,908696,1051254,206,ND
2001,20,Oaxaca,1150,15010,10977,5293.0,1944,515858.0,32,245,6725,1776,45,5,1776,245,473793,768650,15560,18
2001,21,Puebla,100,466,359,8126.0,3160,1780627.0,ND,873,ND,2201,ND,1,2270,893,757209,ND,953,2
2001,22,QuerÃ©taro,31,277,239,16679.0,277,2822114.0,ND,273,ND,596,ND,2,168,273,290455,ND,ND,ND
2001,23,Quintana Roo,0,0,0,9908.0,564,1456931.0,457,6,ND,267,193,0,279,6,ND,244912,0,0
2001,24,San Luis PotosÃ­,1176,208,179,26920.0,907,1253394.0,ND,ND,2223,ND,ND,10,815,ND,ND,583894,112,ND
2001,25,Sinaloa,6490,22079,14786,13217.0,1245,1897168.0,29,241,ND,1563,113,125,1115,241,610966,669096,7573,184
2001,26,Sonora,3982,9386,7517,15159.0,895,2071531.0,ND,333,5250,700,ND,26,700,333,526746,584878,4624,98
2001,27,Tabasco,5761,0,0,12777.0,618,640215.0,137,155,942,1039,114,29,602,155,329280,441980,0,164
2001,28,Tamaulipas,ND,14051,8609,22835.0,ND,2664145.0,ND,ND,269,1141,ND,ND,ND,ND,655809,444901,ND,ND
2001,29,Tlaxcala,0,80,46,7169.0,424,388096.0,ND,ND,375,ND,ND,0,ND,ND,ND,210566,15,0
2001,30,Veracruz de Ignacio de la Llave,6350,876,608,15875.0,65793,2000836.0,ND,496,4861,2378,ND,8,1695,493,1030270,1651080,698,145
2001,31,YucatÃ¡n,4745,0,0,8137.0,865,1280733.0,ND,3,ND,680,ND,11,667,10,342055,480594,0,110
2001,32,Zacatecas,ND,755,606,6549.0,1440,331091.0,ND,812,3786,1602,ND,ND,1361,955,302381,387997,164,ND
2002,01,Aguascalientes,38,457,437,20246.0,427,1342692.0,98,292,1453,352,22,2,248,292,240747,286098,141,1
2002,02,Baja California,8744,188,135,26306.0,256,4702156.0,ND,13,2941,242,ND,19,259,13,670710,791696,2380,204
2002,03,Baja California Sur,ND,35,25,4480.0,174,786450.0,ND,20,1961,106,ND,ND,105,14,121639,146029,2,ND
2002,04,Campeche,45,0,0,17104.0,606,443850.0,127,23,1362,415,253,3,343,23,135553,175142,0,1
2002,05,Coahuila de Zaragoza,ND,7926,5404,16734.0,373,2845577.0,ND,ND,709,328,ND,11,ND,29,595095,678318,553,ND
2002,06,Colima,0,0,0,10543.0,279,843950.0,104,73,210,161,44,0,164,73,141551,182873,262,0
2002,07,Chiapas,2500,36868,30495,28632.0,18839,769644.0,18,367,4007,3549,19,2,3547,369,441851,795816,64896,60
2002,08,Chihuahua,357,1447,1204,34379.0,9795,4282261.0,ND,260,1210,1516,ND,2,1446,234,835715,905025,977,7
2002,09,Ciudad de MÃ©xico,2595,2,ND,93535.0,363,12205719.0,869,ND,ND,ND,664,32,ND,ND,1100999,2617059,ND,41
2002,10,Durango,22,4590,4005,9468.0,7245,898174.0,ND,1040,1143,1267,ND,12,143,929,318346,383393,663,0
2002,11,Guanajuato,ND,ND,ND,22112.0,561,3395419.0,ND,217,3167,217,ND,ND,46,46,728267,1230936,ND,ND
2002,12,Guerrero,2808,3281,2391,11741.0,8666,439379.0,ND,220,3460,ND,ND,9,ND,220,417621,691186,ND,81
2002,13,Hidalgo,80,1743,1444,25256.0,5809,1448077.0,ND,ND,ND,ND,ND,1,30,ND,219892,379419,1379,3
2002,14,Jalisco,14494,7603,2367,18604.0,186,3951443.0,ND,115,1704,102,ND,18,89,89,1255510,1631369,1373,187
2002,15,MÃ©xico,20790,ND,ND,51282.0,189,6868876.0,ND,ND,ND,ND,ND,6,ND,ND,2634483,2645028,ND,ND
2002,16,MichoacÃ¡n de Ocampo,1103,15222,11692,11520.0,2490,1376750.0,ND,ND,2888,ND,ND,4,ND,ND,ND,1099933,29309,32
2002,17,Morelos,ND,63,58,4978.0,75,894919.0,80,ND,885,ND,73,ND,ND,ND,81483,451295,ND,ND
2002,18,Nayarit,260,5585,2607,17928.0,ND,665366.0,ND,80,576,45,ND,2,34,80,168337,284661,ND,ND
2002,19,Nuevo LeÃ³n,14385,2220,1423,25711.0,597,5339383.0,ND,ND,926,ND,ND,8,ND,ND,940010,1098507,234,ND
2002,20,Oaxaca,1250,15009,10975,27092.0,1978,437348.0,45,252,6769,1779,58,5,1779,252,552855,852705,15559,18
2002,21,Puebla,400,493,360,23753.0,3296,1948334.0,ND,883,ND,2232,ND,2,2314,922,782448,ND,1033,9
2002,22,QuerÃ©taro,25,278,240,8580.0,280,1632045.0,ND,278,1882,626,ND,1,168,278,305449,ND,ND,0
2002,23,Quintana Roo,ND,0,0,9908.0,635,1456931.0,457,8,ND,291,197,ND,291,8,205441,262758,0,ND
2002,24,San Luis PotosÃ­,1176,208,178,29544.0,908,1760906.0,ND,ND,ND,ND,ND,10,815,ND,337098,595516,85,ND
2002,25,Sinaloa,6601,22079,14781,19947.0,1280,2191969.0,18,254,ND,1607,39,127,1138,254,635340,697055,7191,186
2002,26,Sonora,4779,8408,7044,16219.0,771,2592874.0,ND,338,5250,700,ND,32,700,338,578349,615238,4136,83
2002,27,Tabasco,5761,0,0,11598.0,704,647578.0,429,180,1254,1049,123,29,650,160,313245,462050,0,164
2002,28,Tamaulipas,ND,14051,8609,28806.0,ND,3517574.0,ND,ND,269,ND,ND,ND,ND,ND,ND,889914,ND,ND
2002,29,Tlaxcala,0,80,46,10684.0,429,497981.0,ND,ND,378,ND,ND,0,319,ND,ND,252804,14,0
2002,30,Veracruz de Ignacio de la Llave,7340,876,560,19745.0,65701,2211986.0,ND,536,ND,2422,ND,11,1915,533,1033738,1734293,581,170
2002,31,YucatÃ¡n,4745,0,0,12796.0,880,1481499.0,ND,3,ND,714,ND,11,705,10,342961,501491,0,110
2002,32,Zacatecas,ND,755,606,28649.0,1523,466709.0,ND,861,3786,1714,ND,ND,1415,992,307253,405194,256,ND
2003,01,Aguascalientes,38,457,437,21683.0,429,1958022.0,102,312,1453,363,24,2,280,312,244968,300844,128,1
2003,02,Baja California,10560,188,135,30731.0,303,6455874.0,ND,14,2942,270,ND,37,232,14,712473,835457,2210,175
2003,03,Baja California Sur,0,60,31,6274.0,169,1139018.0,ND,13,1961,106,ND,1,105,15,125335,155218,2,0
2003,04,Campeche,45,0,0,3731.0,621,565438.0,127,23,1251,423,249,3,349,23,137946,182118,0,1
2003,05,Coahuila de Zaragoza,1782,7927,5404,31970.0,488,3988819.0,ND,ND,709,321,ND,6,ND,ND,612092,706205,289,25
2003,06,Colima,0,0,0,9764.0,296,1120364.0,158,69,215,195,75,0,195,71,184080,189660,160,0
2003,07,Chiapas,2500,36868,30495,30542.0,18952,1033786.0,52,391,4068,3628,101,2,3626,393,452575,821291,29112,60
2003,08,Chihuahua,357,4027,1022,46067.0,9795,6442645.0,ND,266,1265,1516,ND,2,1446,240,849565,933396,1090,4
2003,09,Ciudad de MÃ©xico,2750,3,ND,60425.0,355,12674263.0,861,ND,ND,ND,721,32,4,ND,1108113,2688771,ND,50
2003,10,Durango,22,4590,4005,20668.0,7397,1335887.0,ND,1040,1085,1243,ND,12,160,929,328934,396663,717,0
2003,11,Guanajuato,336,2475,1509,28361.0,567,4972229.0,ND,217,7388,217,ND,17,46,46,767885,1291963,1838,9
2003,12,Guerrero,3108,2983,2058,17317.0,8243,888163.0,ND,ND,3460,ND,ND,10,ND,ND,ND,731543,ND,92
2003,13,Hidalgo,80,1743,1444,24655.0,6292,1943445.0,ND,23,ND,92,ND,1,52,12,17481,395272,1379,3
2003,14,Jalisco,12465,11228,10310,28393.0,182,6744673.0,ND,115,2133,104,ND,18,89,89,1277073,1807525,1330,194
2003,15,MÃ©xico,ND,ND,ND,46881.0,193,9845323.0,ND,ND,2456,ND,ND,ND,ND,ND,2634483,2727709,ND,ND
2003,16,MichoacÃ¡n de Ocampo,2245,15312,9309,13913.0,7725,2155939.0,294,ND,2924,1,24,4,1,1,162330,1216308,27251,66
2003,17,Morelos,ND,64,58,7500.0,78,1276734.0,80,ND,886,ND,73,ND,ND,ND,83392,489414,ND,ND
2003,18,Nayarit,170,5585,2607,8592.0,ND,871302.0,ND,80,585,29,ND,2,29,80,153904,293551,ND,ND
2003,19,Nuevo LeÃ³n,14935,1464,1338,30502.0,593,7754216.0,ND,61,926,238,ND,8,159,ND,971790,1146892,611,176
2003,20,Oaxaca,1290,15009,10975,6783.0,2000,744082.0,63,265,6768,1793,59,5,1793,265,554048,874642,15550,18
2003,21,Puebla,460,493,360,27160.0,3477,2880314.0,ND,1043,ND,2283,ND,2,2465,1082,808113,ND,1117,10
2003,22,QuerÃ©taro,25,278,240,13332.0,297,2352224.0,ND,174,1882,579,ND,1,167,146,320285,ND,ND,1
2003,23,Quintana Roo,ND,0,0,15121.0,713,2430643.0,448,8,ND,295,217,ND,295,8,225059,287296,0,ND
2003,24,San Luis PotosÃ­,1244,205,173,18120.0,908,2162308.0,ND,ND,2231,ND,ND,14,815,ND,337098,616470,73,ND
2003,25,Sinaloa,7056,22079,14786,21267.0,1283,3107252.0,ND,273,ND,1645,ND,128,1168,273,652614,723323,4221,193
2003,26,Sonora,4741,8408,7044,23834.0,1030,3571765.0,ND,338,5250,700,ND,29,700,338,596928,641170,ND,72
2003,27,Tabasco,5948,0,0,11674.0,787,1890947.0,367,184,1469,1177,126,28,701,174,330240,469670,0,163
2003,28,Tamaulipas,13352,14051,8609,39561.0,ND,4763269.0,ND,ND,921,168,ND,49,ND,ND,709383,917698,ND,364
2003,29,Tlaxcala,0,80,ND,10423.0,434,688675.0,ND,729,374,ND,ND,0,316,ND,ND,262347,14,0
2003,30,Veracruz de Ignacio de la Llave,6640,610,359,32010.0,65705,3258877.0,ND,901,ND,4810,ND,10,4319,901,1270509,1846514,108,148
2003,31,YucatÃ¡n,ND,0,0,10767.0,904,1824982.0,ND,3,ND,640,ND,ND,641,10,447218,515155,0,ND
2003,32,Zacatecas,4,753,605,16706.0,1541,703919.0,ND,863,3786,1734,ND,5,1435,995,315933,422822,187,0
2004,01,Aguascalientes,38,455,436,20187.0,426,2212152.0,202,313,1453,367,26,2,280,313,253854,317193,131,1
2004,02,Baja California,9004,188,135,38119.0,385,7747550.0,24,14,2954,271,26,37,233,14,755296,872806,2214,188
2004,03,Baja California Sur,ND,60,31,6023.0,147,1778438.0,ND,12,1962,93,ND,ND,93,12,122626,172101,2,ND
2004,04,Campeche,45,0,0,7306.0,653,679937.0,174,23,1272,444,268,3,362,23,155778,192138,0,0
2004,05,Coahuila de Zaragoza,1930,7927,5404,22408.0,540,4552735.0,137,65,756,362,189,6,ND,ND,632526,733796,125,36
2004,06,Colima,0,0,0,12666.0,298,1046542.0,123,71,215,193,127,0,189,73,188319,200710,177,0
2004,07,Chiapas,2500,36835,30467,103722.0,18971,1681122.0,13,400,4584,3707,6,2,3706,402,460575,993569,38901,60
2004,08,Chihuahua,357,4027,1782,32236.0,ND,7051959.0,ND,281,1301,1515,ND,2,1423,255,852215,970809,688,4
2004,09,Ciudad de MÃ©xico,2795,3,ND,78823.0,429,16832319.0,883,ND,ND,ND,673,32,4,ND,1110849,2751706,ND,36
2004,10,Durango,22,4127,1069,14237.0,6884,1384101.0,ND,1230,1077,1156,ND,12,163,722,328848,407723,807,0
2004,11,Guanajuato,331,2474,1509,27804.0,575,5613535.0,150,ND,7527,308,147,26,ND,ND,812355,1338644,1057,11
2004,12,Guerrero,3138,2983,2058,15207.0,8834,1310026.0,ND,ND,3460,ND,ND,11,ND,ND,ND,767019,ND,92
2004,13,Hidalgo,80,1743,1444,23272.0,6390,1943308.0,ND,37,3614,134,ND,1,82,18,22771,629708,1251,3
2004,14,Jalisco,12767,11233,10311,40365.0,191,8723374.0,ND,122,2559,109,ND,20,96,96,1316020,1966644,721,210
2004,15,MÃ©xico,ND,ND,ND,49552.0,197,10960346.0,ND,ND,2456,ND,ND,ND,ND,ND,2987469,2747385,ND,ND
2004,16,MichoacÃ¡n de Ocampo,2375,15267,11736,14476.0,13266,2251668.0,309,1,2959,1,26,5,1,1,166399,1259512,27951,70
2004,17,Morelos,ND,65,59,6823.0,72,1560957.0,122,ND,ND,ND,105,ND,ND,ND,85283,515914,ND,ND
2004,18,Nayarit,170,5585,2607,6103.0,4538,1001492.0,ND,82,591,30,ND,2,33,82,158059,304524,ND,ND
2004,19,Nuevo LeÃ³n,14435,1464,1338,39891.0,594,10002422.0,ND,64,926,239,ND,9,401,35,1008744,1204757,168,211
2004,20,Oaxaca,1290,15007,10973,6151.0,2004,836184.0,ND,274,6939,1798,ND,5,1798,274,554072,916744,15753,9
2004,21,Puebla,500,493,360,20734.0,4857,3265187.0,ND,1094,ND,2283,ND,3,2465,1133,832339,ND,1087,8
2004,22,QuerÃ©taro,70,278,240,12341.0,298,2593955.0,ND,ND,1882,673,ND,4,172,ND,326601,ND,ND,2
2004,23,Quintana Roo,1130,0,0,18078.0,690,3173544.0,458,13,265,295,215,5,295,14,248040,312127,0,ND
2004,24,San Luis PotosÃ­,1244,206,177,18854.0,908,2402691.0,167,312,2303,1119,51,14,815,ND,421433,641429,79,ND
2004,25,Sinaloa,7181,21995,14220,20138.0,1296,3562427.0,148,293,ND,1666,194,131,1238,293,680667,749248,4778,198
2004,26,Sonora,2943,8408,7044,23232.0,1078,3770611.0,ND,172,5250,783,ND,18,783,172,1000656,667297,ND,72
2004,27,Tabasco,5915,0,0,8477.0,806,1252025.0,309,184,1433,1200,93,30,707,173,328442,497014,0,172
2004,28,Tamaulipas,13352,14050,8609,60451.0,ND,5294584.0,ND,68,1206,1245,ND,49,951,64,789772,959035,ND,364
2004,29,Tlaxcala,0,80,45,8469.0,432,663117.0,ND,729,368,ND,ND,0,315,ND,ND,277300,ND,0
2004,30,Veracruz de Ignacio de la Llave,6600,604,353,24091.0,65715,3801016.0,ND,901,5923,7044,ND,8,5996,901,1335460,1924297,107,148
2004,31,YucatÃ¡n,ND,0,0,8770.0,903,1592810.0,ND,3,ND,641,ND,ND,641,10,461109,531016,0,ND
2004,32,Zacatecas,5,753,605,11112.0,1545,1091747.0,109,854,3786,1741,39,7,1443,987,316411,441205,199,0
2005,01,Aguascalientes,38,456,437,20278.0,342,2417197.0,233,313,1461,220,29,2,179,313,266092,332950,132,1
2005,02,Baja California,8279,188,135,31885.0,338,8341336.0,ND,43,2962,282,ND,34,200,16,853608,917692,2107,182
2005,03,Baja California Sur,ND,60,31,5342.0,172,1954859.0,ND,ND,1964,89,ND,1,98,ND,129510,183870,2,ND
2005,04,Campeche,45,0,0,7981.0,664,772501.0,176,23,1272,447,281,3,363,23,159832,201218,0,0
2005,05,Coahuila de Zaragoza,2025,7927,5404,25853.0,308,5542183.0,307,96,789,348,49,39,ND,ND,659356,761158,1272,56
2005,06,Colima,0,0,0,5479.0,298,1042829.0,175,79,209,192,148,0,179,79,199878,210080,232,0
2005,07,Chiapas,2500,36835,30467,33306.0,19054,1708360.0,ND,402,5604,3825,129,2,3824,404,467264,1015873,51155,60
2005,08,Chihuahua,357,3988,1840,38289.0,ND,7802702.0,ND,286,1301,1511,ND,2,1419,259,943050,1005805,1009,4
2005,09,Ciudad de MÃ©xico,2801,3,ND,57174.0,491,15409791.0,772,ND,ND,ND,387,33,4,ND,1089888,2745605,ND,68
2005,10,Durango,22,4127,2459,12338.0,6889,1611645.0,ND,1184,1095,1166,ND,13,163,724,330934,421625,1059,0
2005,11,Guanajuato,331,2469,1681,34422.0,582,5770650.0,429,ND,7659,308,123,26,ND,ND,842793,1408214,1312,10
2005,12,Guerrero,3308,2983,2058,12184.0,7956,1394717.0,ND,ND,ND,ND,ND,12,ND,ND,222896,ND,ND,94
2005,13,Hidalgo,50,1743,1441,15953.0,6467,2214515.0,ND,39,850,154,ND,1,102,20,27342,622715,1488,1
2005,14,Jalisco,12767,11224,10296,42160.0,21897,9922954.0,773,122,ND,112,58,20,99,96,1392271,2050559,958,220
2005,15,MÃ©xico,22144,ND,ND,58321.0,197,12850350.0,ND,ND,2548,ND,ND,10,ND,ND,ND,2782826,ND,ND
2005,16,MichoacÃ¡n de Ocampo,2375,15277,9492,17749.0,13465,2904015.0,315,1,2990,1,26,5,1,1,178068,1301330,25020,68
2005,17,Morelos,ND,65,59,8741.0,73,1816488.0,135,ND,ND,ND,99,ND,ND,ND,86193,524951,ND,ND
2005,18,Nayarit,170,5584,2607,9052.0,4629,1012713.0,ND,83,591,20,ND,2,20,83,162053,316125,ND,5
2005,19,Nuevo LeÃ³n,ND,1463,1338,51616.0,25,11957745.0,ND,67,926,2583,ND,ND,429,37,1076820,1260358,187,ND
2005,20,Oaxaca,1290,15007,10973,10109.0,2082,1175227.0,101,294,6978,1798,35,5,1798,294,525973,955146,15785,11
2005,21,Puebla,775,493,360,26986.0,4770,3921752.0,ND,1166,ND,2347,ND,4,2529,1205,904473,1225817,902,17
2005,22,QuerÃ©taro,220,278,240,11931.0,278,2780746.0,ND,ND,ND,981,ND,6,212,ND,315497,ND,ND,2
2005,23,Quintana Roo,ND,0,0,21505.0,694,3800273.0,307,15,265,298,467,ND,298,15,266975,341095,0,ND
2005,24,San Luis PotosÃ­,1141,207,176,16993.0,245,2749111.0,207,374,2350,ND,93,12,2263,128,447842,669486,76,ND
2005,25,Sinaloa,7391,22046,13592,19435.0,1308,4118702.0,275,316,ND,1672,210,136,1244,316,692130,779062,8104,202
2005,26,Sonora,2943,8408,7044,23561.0,1117,4633902.0,ND,ND,5250,ND,ND,18,ND,ND,685537,692493,ND,72
2005,27,Tabasco,5720,0,0,9559.0,765,1197028.0,304,196,1401,1214,102,30,695,193,336797,512792,0,173
2005,28,Tamaulipas,13945,14050,8609,39777.0,ND,6541464.0,ND,65,1134,ND,ND,55,ND,45,797452,1008859,ND,336
2005,29,Tlaxcala,0,78,40,6237.0,435,738648.0,ND,729,370,ND,ND,0,315,ND,ND,293273,ND,0
2005,30,Veracruz de Ignacio de la Llave,6600,604,353,31292.0,65762,4179220.0,ND,920,6123,7044,ND,8,6003,918,1371526,2008742,102,148
2005,31,YucatÃ¡n,ND,0,0,13423.0,916,2428499.0,329,3,ND,641,440,ND,641,10,478228,550282,0,ND
2005,32,Zacatecas,6,775,624,14800.0,1554,811725.0,80,847,3786,1756,22,12,1458,988,319728,454690,199,0
2006,01,Aguascalientes,ND,456.0,437,20663.0,ND,3098872.0,177,ND,1799,ND,22,ND,ND,ND,ND,348112,133,ND
2006,02,Baja California,8797,188.0,135,37551.0,6889,10488798.0,150,51,3100,282,176,34,200,17,847167,963209,2015,230
2006,03,Baja California Sur,ND,60.0,31,7405.0,114,2420005.0,ND,15,1458,73,ND,ND,73,15,107306,192568,3,ND
2006,04,Campeche,45,0.0,0,7976.0,690,1101978.0,179,23,1321,457,281,2,383,23,166203,210768,0,0
2006,05,Coahuila de Zaragoza,2059,7928.0,5405,32410.0,325,7155337.0,35,93,789,332,39,53,ND,ND,700300,784039,1134,48
2006,06,Colima,0,0.0,0,11549.0,300,1449509.0,142,81,209,188,151,0,180,82,209662,219461,226,0
2006,07,Chiapas,2500,36835.0,30467,31326.0,20275,2093653.0,ND,408,3484,3845,ND,2,3845,410,469223,1044721,70449,60
2006,08,Chihuahua,330,3988.0,3036,48904.0,ND,10262810.0,ND,289,1249,1512,ND,2,1419,262,987119,1044774,915,3
2006,09,Ciudad de MÃ©xico,2859,3.0,ND,66490.0,491,25302357.0,1060,ND,ND,ND,429,35,4,ND,1155627,2753470,ND,90
2006,10,Durango,23,4119.0,3932,18069.0,6223,2114370.0,ND,924,1077,1030,ND,13,ND,576,353181,435646,1113,0
2006,11,Guanajuato,331,2490.0,1582,35587.0,584,7885624.0,566,ND,7660,308,404,26,ND,ND,875037,1493782,816,10
2006,12,Guerrero,3318,2983.0,2058,36690.0,7956,2479532.0,ND,385,ND,1157,ND,12,1184,385,329588,ND,4943,94
2006,13,Hidalgo,230,1743.0,1441,105233.0,6437,3415036.0,23,39,ND,173,97,2,109,20,30676,637682,1458,5
2006,14,Jalisco,13767,11224.0,10296,49725.0,22799,14057336.0,69,20,2462,116,50,21,104,8,1435511,2134050,855,221
2006,15,MÃ©xico,22144,1515.0,ND,71200.0,200,19062224.0,ND,ND,2548,ND,ND,10,ND,ND,3082753,2793061,1515,ND
2006,16,MichoacÃ¡n de Ocampo,2375,15277.0,9492,20600.0,18288,3895011.0,319,1,3015,1,26,5,1,1,183614,1347512,25020,73
2006,17,Morelos,ND,65.0,59,13996.0,73,3398094.0,ND,ND,ND,ND,ND,ND,ND,ND,88099,534735,ND,ND
2006,18,Nayarit,170,7385.0,3923,11931.0,4722,1577890.0,ND,86,589,22,ND,2,22,86,168734,329507,ND,5
2006,19,Nuevo LeÃ³n,14354,1463.0,1337,60443.0,453,16239102.0,ND,ND,ND,ND,ND,7,ND,ND,ND,1308253,219,ND
2006,20,Oaxaca,1290,15007.0,10973,132052.0,2194,1804330.0,56,318,ND,1802,11,5,1798,318,497148,991994,15383,11
2006,21,Puebla,775,493.0,360,40068.0,4616,5841235.0,ND,1295,ND,2414,ND,4,2594,1331,923583,3492083,1046,17
2006,22,QuerÃ©taro,220,278.0,240,15485.0,277,4040507.0,ND,411,644,1130,ND,6,221,3,366917,459614,ND,4
2006,23,Quintana Roo,ND,0.0,0,24553.0,579,4406316.0,319,13,265,299,467,ND,299,15,290846,364888,0,ND
2006,24,San Luis PotosÃ­,1135,209.0,176,41437.0,365,4036228.0,421,538,2370,ND,102,14,2297,169,483426,694007,74,36
2006,25,Sinaloa,7559,22048.0,13598,23604.0,1315,5249262.0,137,323,ND,1676,143,140,1248,323,692454,804752,9303,206
2006,26,Sonora,2928,8408.0,7044,29886.0,ND,5775433.0,ND,ND,5317,ND,ND,17,ND,ND,ND,723554,ND,74
2006,27,Tabasco,6645,0.0,0,14435.0,800,2910297.0,301,214,1475,1222,124,31,727,206,352839,543109,0,173
2006,28,Tamaulipas,15968,14050.0,9122,44449.0,ND,8933907.0,ND,ND,1139,ND,ND,59,ND,ND,652789,1043824,ND,ND
2006,29,Tlaxcala,0,77.0,40,6761.0,457,907996.0,ND,ND,373,ND,ND,0,ND,ND,ND,307776,ND,0
2006,30,Veracruz de Ignacio de la Llave,6600,604.0,353,37994.0,65770,6541925.0,ND,1926,6265,5977,ND,8,5039,959,1431045,2088287,102,148
2006,31,YucatÃ¡n,ND,0.0,0,30224.0,943,3470669.0,329,3,ND,649,440,ND,ND,10,509281,571054,0,ND
2006,32,Zacatecas,7,775.0,624,19214.0,1559,1132287.0,80,848,3786,1759,22,16,1461,999,321873,468357,199,0
2007,01,Aguascalientes,ND,456,437,31711.0,ND,2892372.0,74,ND,1623,ND,115,ND,ND,ND,76354,363611.0,133,ND
2007,02,Baja California,8903,188,135,35427.0,6934,8855080.0,33,13,3109,250,343,25,202,17,939595,1006987.0,1786,202
2007,03,Baja California Sur,275,60,31,6413.0,61,1619246.0,ND,9,1459,106,ND,16,106,9,129421,205893.0,2,6
2007,04,Campeche,45,0,0,10307.0,707,818469.0,191,25,1321,459,308,2,413,25,174550,218650.0,0,0
2007,05,Coahuila de Zaragoza,2061,8225,5561,30881.0,345,6755481.0,ND,ND,789,ND,ND,64,ND,ND,710690,815118.0,657,48
2007,06,Colima,0,0,0,9140.0,296,1745749.0,211,84,208,197,203,0,180,83,218768,228545.0,232,0
2007,07,Chiapas,ND,36835,30463,61743.0,19147,1978042.0,ND,412,3794,3910,ND,ND,3910,414,474045,1036611.0,38897,ND
2007,08,Chihuahua,390,4504,4264,104451.0,ND,9118857.0,ND,297,1275,1536,ND,3,1432,268,1019676,1082352.0,1215,5
2007,09,Ciudad de MÃ©xico,2919,3,ND,66731.0,520,20224411.0,1165,ND,ND,ND,438,35,4,ND,1158491,2869314.0,ND,92
2007,10,Durango,23,4133,3947,13437.0,6295,2070519.0,ND,784,1049,809,ND,14,152,508,228615,450853.0,1962,0
2007,11,Guanajuato,331,2490,1580,34223.0,584,6929519.0,566,ND,ND,308,404,26,ND,ND,905693,1557972.0,938,10
2007,12,Guerrero,3318,3071,2061,23028.0,9229,2415405.0,ND,ND,ND,1197,ND,12,1225,ND,333611,857116.0,5484,95
2007,13,Hidalgo,130,1743,1441,23449.0,6206,4066839.0,ND,48,1511,276,ND,2,179,29,186377,657781.0,1458,4
2007,14,Jalisco,13397,11224,10296,54907.0,23985,13790240.0,821,20,2503,86,98,21,72,8,1417856,2221960.0,827,217
2007,15,MÃ©xico,22144,1661,ND,68488.0,197,17525134.0,ND,ND,ND,ND,ND,10,ND,ND,3196851,2860704.0,1661,ND
2007,16,MichoacÃ¡n de Ocampo,2375,15140,9408,25262.0,18563,4238620.0,67,1,3282,1,18,5,1,1,190857,1345611.0,25015,73
2007,17,Morelos,ND,66,59,15186.0,68,3000722.0,ND,ND,ND,ND,ND,ND,ND,ND,90069,564733.0,ND,ND
2007,18,Nayarit,120,7384,3923,13952.0,4787,1845124.0,56,89,589,23,3,1,23,89,175534,348563.0,ND,4
2007,19,Nuevo LeÃ³n,14990,1463,1445,64214.0,ND,15240124.0,ND,2605,894,2638,ND,9,450,49,1097641,1368627.0,237,224
2007,20,Oaxaca,1291,15007,10973,19955.0,ND,1106277.0,56,333,7786,1941,11,6,1941,333,534170,1033440.0,15861,22
2007,21,Puebla,775,493,360,28167.0,4623,4861106.0,ND,1399,ND,2481,ND,4,2651,1428,935418,1361698.0,1052,17
2007,22,QuerÃ©taro,70,278,240,24026.0,308,3790053.0,ND,471,940,1277,ND,4,270,13,382843,506059.0,1036,1
2007,23,Quintana Roo,ND,0,0,24553.0,623,4406316.0,333,15,412,299,472,ND,299,15,296768,392112.0,0,ND
2007,24,San Luis PotosÃ­,1135,208,176,18560.0,681,2931494.0,254,556,2351,ND,102,14,2389,185,523506,717055.0,74,26
2007,25,Sinaloa,9067,22048,14123,22083.0,1322,4498728.0,ND,342,4524,1685,ND,142,1256,342,697141,852411.0,7866,228
2007,26,Sonora,2868,8408,7044,28645.0,5507,5629189.0,9,ND,5339,ND,26,16,ND,ND,ND,769038.0,ND,72
2007,27,Tabasco,7755,0,0,15821.0,855,2409361.0,304,229,1488,1297,142,31,742,212,359886,587679.0,0,185
2007,28,Tamaulipas,16023,14050,8565,41778.0,ND,8584109.0,ND,89,1154,1089,ND,60,113,89,856763,1093333.0,ND,ND
2007,29,Tlaxcala,0,78,46,5659.0,462,718687.0,ND,ND,373,ND,ND,0,ND,ND,ND,328153.0,ND,0
2007,30,Veracruz de Ignacio de la Llave,6600,604,353,40650.0,65783,8608874.0,11,1935,7020,6132,15,8,5227,968,1504049,2106068.0,93,148
2007,31,YucatÃ¡n,ND,0,0,17076.0,943,3028157.0,331,4,ND,649,445,ND,649,16,539062,590121.0,0,ND
2007,32,Zacatecas,8,ND,ND,20914.0,1631,1148003.0,92,887,3786,1806,38,30,1489,1034,336576,504046.0,ND,0
2008,01,Aguascalientes,ND,467.0,437,22291.0,ND,3146495.0,132,ND,1614,424,162,ND,337,ND,69095,373882.0,133,ND
2008,02,Baja California,9037,188.0,135,49646.0,6291,11442033.0,27,14,3053,250,188,26,195,18,996935,1044628.0,2045,201
2008,03,Baja California Sur,275,60.0,31,12304.0,132,3646914.0,ND,20,1430,106,ND,16,106,20,191782,219354.0,2,6
2008,04,Campeche,45,0.0,0,19810.0,707,1136418.0,197,25,1407,459,321,2,414,25,174625,229835.0,0,0
2008,05,Coahuila de Zaragoza,2061,8225.0,5561,51524.0,352,7917385.0,ND,99,815,354,ND,64,40,33,747486,836185.0,1590,48
2008,06,Colima,0,0.0,0,11203.0,301,1807223.0,166,86,211,199,199,0,182,85,225674,238247.0,261,0
2008,07,Chiapas,ND,36835.0,30463,121592.0,19308,3234186.0,2,420,4352,4017,217,ND,4032,422,486468,1162648.0,28349,ND
2008,08,Chihuahua,390,4504.0,4264,68754.0,ND,9798298.0,ND,313,1252,1548,ND,3,1440,279,1061388,1112831.0,1053,5
2008,09,Ciudad de MÃ©xico,2999,3.0,ND,79275.0,520,18642012.0,1249,ND,ND,ND,482,38,4,ND,1131086,2994727.0,ND,54
2008,10,Durango,31,4134.0,3948,28436.0,6270,2301883.0,158,819,ND,955,16,34,152,508,368918,465592.0,151,1
2008,11,Guanajuato,ND,2393.0,1480,62606.0,584,8717150.0,416,ND,7736,308,289,ND,ND,ND,937233,1624865.0,1154,ND
2008,12,Guerrero,3278,3071.0,2062,125064.0,9361,4237000.0,ND,ND,4495,1234,ND,11,1261,ND,346998,884009.0,5728,94
2008,13,Hidalgo,130,1743.0,1441,43040.0,6317,4366974.0,ND,55,1539,306,ND,2,201,38,186577,676190.0,1458,4
2008,14,Jalisco,13397,11226.0,10298,72567.0,25820,16563655.0,720,20,2517,89,121,21,75,8,1510424,2290189.0,936,229
2008,15,MÃ©xico,ND,1515.0,ND,133946.0,201,25407223.0,574,573,ND,ND,334,ND,ND,475,3278419,2951053.0,1515,ND
2008,16,MichoacÃ¡n de Ocampo,2375,14926.0,12005,52643.0,18699,4797824.0,71,1,3226,1,19,5,1,1,199339,1436710.0,24715,73
2008,17,Morelos,ND,66.0,60,25523.0,261,4366128.0,26,ND,1121,363,32,ND,261,ND,276542,589798.0,54,ND
2008,18,Nayarit,120,7384.0,3923,20406.0,ND,2131002.0,15,91,589,24,5,1,24,91,192421,364621.0,ND,4
2008,19,Nuevo LeÃ³n,15004,1463.0,1337,96011.0,484,20125739.0,ND,ND,894,ND,ND,8,ND,ND,ND,1452223.0,246,224
2008,20,Oaxaca,1291,15007.0,10973,95918.0,2082,2184227.0,56,356,7788,1990,13,6,1990,356,451447,1102116.0,15988,13
2008,21,Puebla,775,493.0,360,68890.0,4666,6660698.0,ND,1469,1950,2537,ND,4,2695,1498,943154,1437717.0,1301,17
2008,22,QuerÃ©taro,70,278.0,240,28327.0,318,5381427.0,ND,494,947,1305,ND,4,208,26,397191,529099.0,ND,1
2008,23,Quintana Roo,ND,0.0,0,32153.0,629,6288534.0,430,15,ND,299,474,ND,299,15,328362,423744.0,0,ND
2008,24,San Luis PotosÃ­,1135,209.0,176,63146.0,864,4180223.0,129,979,2349,1210,54,14,2092,306,551755,737179.0,75,26
2008,25,Sinaloa,9067,22048.0,14292,38419.0,1325,6151605.0,ND,376,4533,1726,ND,142,1283,376,700401,886903.0,9240,228
2008,26,Sonora,2868,8408.0,7044,51406.0,5507,7534851.0,ND,226,5366,1019,ND,16,1019,226,664278,808936.0,ND,72
2008,27,Tabasco,7705,0.0,0,17303.0,868,2457471.0,316,254,1453,1310,147,33,764,233,367756,599290.0,0,201
2008,28,Tamaulipas,16018,14050.0,8565,103159.0,ND,10935046.0,ND,92,1137,899,ND,65,113,43,898422,1145284.0,ND,ND
2008,29,Tlaxcala,0,78.0,71,11434.0,448,839444.0,ND,ND,375,ND,ND,0,ND,ND,ND,312151.0,ND,0
2008,30,Veracruz de Ignacio de la Llave,6600,604.0,366,149780.0,65783,9430968.0,0,ND,7083,ND,47,8,ND,ND,ND,2202794.0,87,148
2008,31,YucatÃ¡n,3060,0.0,0,36384.0,949,4156478.0,491,4,ND,649,876,3,649,21,548340,613563.0,0,80
2008,32,Zacatecas,12,805.0,657,27507.0,1647,1356114.0,92,896,3786,1816,38,51,1499,1049,341058,502869.0,257,0
2008,99,No especificada,,,,189064.0,,56350970.0,,,,,,,,,,,,
2009,01,Aguascalientes,ND,467.0,427,23773.0,ND,3469042.0,162,379,1614,463,180,ND,351,379,296583,378352.0,123,ND
2009,02,Baja California,9037,188.0,135,43249.0,6291,10772636.0,31,14,3056,250,223,26,195,18,1032059,1057902.0,2012,202
2009,03,Baja California Sur,215,60.0,31,11306.0,110,2684190.0,15,16,1434,78,137,16,75,14,121134,226562.0,2,6
2009,04,Campeche,20,0.0,0,24286.0,694,1368625.0,ND,25,1309,424,ND,1,425,25,184106,236164.0,0,0
2009,05,Coahuila de Zaragoza,2061,8225.0,5561,44024.0,360,7927813.0,ND,121,815,313,ND,64,39,30,768933,846811.0,1593,48
2009,06,Colima,0,0.0,0,12813.0,304,1724319.0,254,90,208,199,218,0,181,91,233943,246534.0,230,0
2009,07,Chiapas,ND,36835.0,30463,141379.0,19316,3899094.0,8,453,14772,4064,244,ND,4080,455,493397,1236813.0,45508,ND
2009,08,Chihuahua,390,4602.0,4418,70462.0,ND,9698638.0,ND,324,1252,1559,ND,3,1447,289,1093016,1134918.0,1375,5
2009,09,Ciudad de MÃ©xico,3903,3.0,ND,75702.0,523,26298628.0,770,ND,ND,ND,600,41,4,ND,1122176,2970228.0,ND,88
2009,10,Durango,23,4144.0,3956,21517.0,11007,2358459.0,ND,785,1266,809,ND,14,177,513,230304,471044.0,189,0
2009,11,Guanajuato,331,2494.0,1473,59257.0,588,9389474.0,421,ND,7797,308,215,26,ND,ND,966011,1628854.0,1151,10
2009,12,Guerrero,3278,3071.0,2062,40398.0,8906,3250274.0,ND,ND,4799,1263,ND,11,1263,ND,368513,935754.0,5718,94
2009,13,Hidalgo,130,1743.0,1441,42822.0,1971,5129115.0,ND,62,1723,332,4,2,226,44,39437,237536.0,1436,4
2009,14,Jalisco,13442,11269.0,10339,66435.0,27815,18008244.0,723,20,2550,13,111,26,5,8,983547,2356426.0,934,245
2009,15,MÃ©xico,ND,1515.0,ND,116789.0,211,24470244.0,635,853,2511,ND,824,ND,ND,426,3272153,3042452.0,1515,ND
2009,16,MichoacÃ¡n de Ocampo,2875,14900.0,11978,60528.0,18783,5577113.0,78,1,3650,1,25,5,1,1,208045,1474856.0,24697,77
2009,17,Morelos,ND,68.0,62,25145.0,283,5655720.0,10,297,1235,372,33,ND,283,121,305202,597180.0,50,ND
2009,18,Nayarit,120,7375.0,3915,20880.0,4990,2218834.0,15,91,589,24,5,1,24,91,196766,377670.0,ND,4
2009,19,Nuevo LeÃ³n,14421,1463.0,1419,97164.0,ND,22299839.0,ND,ND,894,ND,ND,12,ND,ND,ND,1506291.0,238,225
2009,20,Oaxaca,1291,15007.0,10973,78281.0,ND,2354430.0,18,358,7804,2002,50,6,2002,358,547119,1139068.0,15988,13
2009,21,Puebla,925,493.0,360,73987.0,4672,7100792.0,131,1513,3069,2575,103,5,2733,1542,1058197,1671733.0,1229,21
2009,22,QuerÃ©taro,105,278.0,240,36768.0,326,6670270.0,99,561,959,1333,37,6,213,61,410470,537400.0,1036,2
2009,23,Quintana Roo,ND,0.0,0,31158.0,640,6940146.0,418,17,ND,299,526,ND,299,16,347223,438982.0,0,ND
2009,24,San Luis PotosÃ­,1315,209.0,176,57954.0,923,4416956.0,135,ND,2516,1296,42,14,2144,ND,573088,785561.0,77,41
2009,25,Sinaloa,9567,22048.0,13597,36296.0,1339,6184659.0,168,397,4424,1737,305,142,1293,396,701027,909000.0,9770,244
2009,26,Sonora,2868,8408.0,7044,47559.0,5507,7409099.0,ND,229,4952,1041,ND,16,1041,229,658206,817490.0,ND,74
2009,27,Tabasco,8145,0.0,0,27197.0,869,2593289.0,287,291,1697,1391,135,36,808,269,385540,617639.0,0,225
2009,28,Tamaulipas,14890,14050.0,8588,55813.0,ND,9383817.0,ND,92,1157,899,ND,66,113,43,923133,1166753.0,ND,ND
2009,29,Tlaxcala,0,78.0,72,11174.0,455,1010913.0,0,ND,375,ND,12,0,ND,ND,ND,324915.0,ND,0
2009,30,Veracruz de Ignacio de la Llave,6912,604.0,366,107737.0,65783,9941326.0,39,1967,7462,6262,7,13,5321,1002,1558814,2284364.0,114,139
2009,31,YucatÃ¡n,3060,0.0,0,30846.0,982,4549753.0,862,4,ND,634,1006,3,634,22,537622,628363.0,0,80
2009,32,Zacatecas,13,779.0,636,18585.0,1667,1201783.0,96,911,3786,1822,42,60,1502,1066,344658,487792.0,248,0
2009,99,No especificada,,,,51745.0,,4641253.0,,,,,,,,,,,,
2010,01,Aguascalientes,ND,467,435,22212.0,ND,3736898.0,172,403,1614,470,203,ND,358,379,322696,388478.0,132,ND
2010,02,Baja California,12056,188,135,46262.0,6385,10629730.0,98,15,3056,251,262,30,196,20,1063677,1068414.0,1852,195
2010,03,Baja California Sur,216,60,31,12113.0,111,2670143.0,64,17,1436,78,109,16,74,15,115812,232236.0,1,6
2010,04,Campeche,13,0,0,19605.0,703,1417154.0,119,25,1233,427,265,1,428,25,186836,240451.0,0,NS
2010,05,Coahuila de Zaragoza,2061,8225,5561,37793.0,387,8624582.0,ND,136,937,335,ND,64,37,29,793295,858773.0,847,48
2010,06,Colima,0,0,0,11778.0,285,2022381.0,196,83,208,177,257,0,160,84,233962,253896.0,242,0
2010,07,Chiapas,0,41093,34337,109917.0,19317,4310394.0,78,1080,14812,0,79,0,0,1067,0,1283499.0,49054,0
2010,08,Chihuahua,590,4491,4189,55464.0,ND,9289183.0,ND,332,1246,1561,ND,4,1460,296,1099969,1133674.0,1335,39
2010,09,Ciudad de MÃ©xico,4818,3,ND,62428.0,560,22633884.0,694,ND,482,ND,547,43,4,ND,1122738,2771278.0,ND,84
2010,10,Durango,23,4173,3989,27081.0,12182,2600275.0,0,848,1183,970,0,14,184,522,456807,476017.0,167,NS
2010,11,Guanajuato,436,2494,1500,60677.0,594,9838845.0,334,ND,4133,299,283,35,ND,ND,987632,1693312.0,603,11
2010,12,Guerrero,3328,3098,2082,72660.0,9780,4298043.0,177,ND,4799,1334,56,12,1334,ND,379241,930371.0,10569,94
2010,13,Hidalgo,180,1743,1441,44178.0,6436,5378669.0,52,73,1567,349,149,3,235,55,40197,764970.0,1095,6
2010,14,Jalisco,13520,11269,10339,89659.0,29314,19279590.0,724,20,2589,16,111,29,8,8,1062992,2414578.0,863,329
2010,15,MÃ©xico,ND,ND,ND,142527.0,206,31600614.0,1132,2170,ND,ND,942,ND,ND,662,3309436,3524114.0,ND,ND
2010,16,MichoacÃ¡n de Ocampo,2875,14899,11977,76511.0,19437,5529874.0,78,1,3703,1,25,5,1,1,214567,1514997.0,24697,79
2010,17,Morelos,35,68,63,33191.0,285,6276649.0,39,344,1235,373,28,8,285,122,319585,616353.0,52,1
2010,18,Nayarit,0,7376,3916,13986.0,5331,2416756.0,15,91,589,24,5,0,24,91,202120,388384.0,ND,0
2010,19,Nuevo LeÃ³n,14571,ND,1658,95404.0,368,23387809.0,ND,2760,1072,2914,ND,12,486,52,1318193,1564918.0,192,225
2010,20,Oaxaca,1291,15007,10973,66987.0,2105,2380074.0,39,360,7851,2009,18,6,2009,360,547127,1177906.0,15990,13
2010,21,Puebla,925,473,352,96281.0,4680,7975185.0,ND,1530,3346,2601,ND,5,2759,1559,1066788,1720828.0,1502,21
2010,22,QuerÃ©taro,1769,278,238,33139.0,328,7842630.0,359,222,947,583,168,7,216,154,424231,561751.0,238,54
2010,23,Quintana Roo,ND,0,0,30382.0,640,7605907.0,418,17,ND,299,526,ND,299,17,368267,466760.0,0,ND
2010,24,San Luis PotosÃ­,1375,209,176,43498.0,987,4805483.0,202,1088,2349,1371,90,16,2186,393,569888,771645.0,77,31
2010,25,Sinaloa,9577,22974,13665,50081.0,1357,6751289.0,228,410,ND,1751,275,141,1308,409,778978,940143.0,8813,247
2010,26,Sonora,2868,8408,7044,57370.0,5507,7902112.0,ND,233,ND,924,ND,16,922,233,681526,839019.0,ND,74
2010,27,Tabasco,8415,0,0,28209.0,873,2764162.0,394,294,1082,1437,176,37,807,272,419827,639263.0,0,202
2010,28,Tamaulipas,14829,14050,8588,59188.0,ND,9220025.0,334,86,1218,859,212,75,115,42,922429,1201645.0,1261,ND
2010,29,Tlaxcala,0,78,59,9647.0,475,1008491.0,ND,ND,375,ND,12,0,ND,ND,ND,330517.0,36,0
2010,30,Veracruz de Ignacio de la Llave,6912,604,366,131358.0,65815,11282567.0,ND,1243,7469,5871,ND,13,4661,1197,1597512,2326999.0,101,139
2010,31,YucatÃ¡n,3060,0,0,33688.0,982,5441042.0,361,4,ND,634,481,3,634,22,576934,645817.0,0,80
2010,32,Zacatecas,10,779,636,14100.0,1670,1335618.0,239,914,3833,1813,181,63,1503,1069,347646,503050.0,248,2
2010,99,No especificada,,,,51381.0,,989072.0,,,,,,,,,,,,
2011,01,Aguascalientes,ND,467.0,437,19580.0,ND,3929718.0,213,417,1771,481,225,ND,470,403,336710,399477,132,ND
2011,02,Baja California,12156,188.0,135,52810.0,6515,10529716.0,106,17,3624,251,298,31,192,22,1087650,1096278,1973,201
2011,03,Baja California Sur,215,60.0,31,10906.0,138,2810095.0,81,22,2341,106,156,17,102,20,187528,240134,1,6
2011,04,Campeche,13,0.0,0,21433.0,710,1510719.0,182,25,1616,445,404,1,442,25,194843,250614,0,NS
2011,05,Coahuila de Zaragoza,2028,8225.0,5561,36272.0,379,8216540.0,181,130,937,343,198,56,37,28,774391,863382,898,46
2011,06,Colima,0,0.0,0,12149.0,318,1910151.0,220,92,210,201,307,0,183,94,249623,262877,218,0
2011,07,Chiapas,2500,36602.0,30148,79940.0,19340,3987576.0,25,1103,16163,ND,24,2,ND,1090,ND,1331262,81819,61
2011,08,Chihuahua,590,4491.0,ND,53732.0,464,8677074.0,0,345,1246,1538,0,4,1422,307,869223,1132736,1425,46
2011,09,Ciudad de MÃ©xico,5131,3.0,0,57342.0,566,25689498.0,726,ND,482,ND,569,42,4,ND,1123522,2831637,ND,118
2011,10,Durango,23,4173.0,3989,27968.0,10459,2669235.0,0,868,1182,1011,0,14,192,577,465747,493002,4528,NS
2011,11,Guanajuato,436,2494.0,1481,62405.0,628,10520708.0,429,ND,4133,262,456,35,ND,ND,1003941,1722302,1150,11
2011,12,Guerrero,3328,3098.0,2082,38441.0,9959,3687503.0,48,ND,5246,1394,39,12,1394,ND,394452,981022,11912,94
2011,13,Hidalgo,180,1743.0,1440,62689.0,6411,6048215.0,79,86,ND,380,44,3,266,68,41318,812076,1470,6
2011,14,Jalisco,13542,11269.0,10339,78105.0,27935,20820588.0,739,20,2658,16,103,26,8,8,1081280,2482672,886,330
2011,15,MÃ©xico,ND,1662.0,ND,144708.0,215,30283706.0,748,1674,ND,ND,457,ND,ND,597,3627058,ND,1662,ND
2011,16,MichoacÃ¡n de Ocampo,2875,14899.0,11977,77051.0,19861,5955875.0,78,1,3671,1,25,5,1,1,220208,1557341,27366,79
2011,17,Morelos,60,68.0,63,32442.0,2363,6099166.0,21,355,1334,373,15,12,300,124,328896,632506,50,2
2011,18,Nayarit,0,7376.0,3916,13655.0,5019,2043956.0,16,94,589,25,6,0,25,94,209381,401542,10,0
2011,19,Nuevo LeÃ³n,14571,1463.0,1162,88508.0,448,23752362.0,ND,2815,1072,3008,ND,12,490,52,1360564,1609377,210,225
2011,20,Oaxaca,1291,15007.0,10966,56802.0,3501,1979118.0,54,365,8475,2026,5,6,2026,365,550881,1213921,15985,13
2011,21,Puebla,865,473.0,352,49548.0,4688,7822864.0,202,1556,3053,2621,320,5,2768,1577,1068598,1772256,1547,19
2011,22,QuerÃ©taro,1769,278.0,239,37405.0,313,7833057.0,370,290,992,961,189,7,215,241,445097,590463,ND,54
2011,23,Quintana Roo,ND,0.0,0,27258.0,639,6918546.0,258,17,ND,299,306,ND,299,17,384157,495428,0,ND
2011,24,San Luis PotosÃ­,1375,216.0,183,37599.0,1045,4956703.0,299,1171,2594,1413,61,16,2217,482,590247,819730,74,31
2011,25,Sinaloa,9603,22897.0,13433,67278.0,337,6255885.0,ND,270,2011,462,ND,143,665,271,435461,943505,9213,254
2011,26,Sonora,3168,8408.0,7044,61779.0,5507,7811261.0,ND,233,811,924,ND,16,924,233,717593,851239,ND,1
2011,27,Tabasco,8435,0.0,0,25557.0,866,2823833.0,413,522,1071,1460,183,39,806,311,442528,664562,0,209
2011,28,Tamaulipas,14394,14074.0,8889,46099.0,ND,8072053.0,8,86,1237,365,23,68,103,42,1003868,1199747,1081,ND
2011,29,Tlaxcala,0,78.0,71,8409.0,476,1052335.0,166,303,382,334,204,0,317,290,246369,339634,ND,0
2011,30,Veracruz de Ignacio de la Llave,6912,604.0,366,130758.0,65820,11129978.0,ND,1272,7523,5942,ND,13,4684,1220,1614905,2387044,111,139
2011,31,YucatÃ¡n,3600,0.0,0,34553.0,983,5279720.0,361,4,ND,634,481,3,634,28,589075,668828,0,95
2011,32,Zacatecas,14,773.0,662,14504.0,1686,1455734.0,246,917,3833,1834,185,76,1516,1072,354608,535327,258,NS
2011,99,No especificada,,,,26328.0,,1044544.0,,,,,,,,,,,,
2012,01,Aguascalientes,18,467.0,434,21598,464,4094461,220,422,1772,ND,261,1,ND,417,ND,411204.0,132,NS
2012,02,Baja California,12202,188.0,135,56867,6628,10296244,107,18,3626,ND,96,46,ND,26,ND,1124523.0,1986,210
2012,03,Baja California Sur,215,55.0,31,15640,122,2484434,71,17,2341,ND,200,19,ND,15,ND,247686.0,2,6
2012,04,Campeche,13,0.0,0,13176,730,1799252,185,25,1616,ND,412,1,ND,25,ND,259598.0,0,NS
2012,05,Coahuila de Zaragoza,2035,8225.0,5561,46550,367,8729663,199,130,937,ND,224,56,ND,30,ND,870245.0,1519,54
2012,06,Colima,0,0.0,0,11640,319,2436182,279,93,210,ND,353,0,ND,91,ND,270525.0,240,0
2012,07,Chiapas,4500,36602.0,30148,77456,30460,3920532,56,1226,16177,ND,141,4,ND,1212,ND,1370898.0,74173,85
2012,08,Chihuahua,535,4491.0,ND,52116,494,9329666,ND,356,1240,ND,ND,4,ND,314,ND,1142032.0,1068,10
2012,09,Ciudad de MÃ©xico,5180,3.0,ND,52821,540,30682440,719,ND,547,ND,601,38,ND,ND,ND,2878230.0,ND,103
2012,10,Durango,15,4173.0,3984,27149,12410,2809081,ND,60,1182,ND,ND,42,ND,7,ND,501481.0,1119,NS
2012,11,Guanajuato,437,2422.0,1673,59921,680,11944372,605,283,4156,ND,549,35,ND,ND,ND,1775714.0,726,14
2012,12,Guerrero,3328,3098.0,2082,56775,10540,3792201,ND,ND,5153,ND,ND,12,ND,ND,ND,1004550.0,8985,95
2012,13,Hidalgo,332,1743.0,1440,53935,6548,5800315,89,2129,3252,ND,37,20,ND,2129,ND,855847.0,1237,10
2012,14,Jalisco,13735,12198.0,10991,83720,24300,21162612,703,4,2667,ND,92,26,ND,19,ND,2550987.0,801,239
2012,15,MÃ©xico,22164,1662.0,ND,133621,221,28406130,1098,1855,3353,ND,482,11,ND,767,ND,3917400.0,1662,ND
2012,16,MichoacÃ¡n de Ocampo,2875,14286.0,11514,68345,20300,5507695,ND,1,3825,ND,ND,5,ND,1,ND,1602534.0,24964,69
2012,17,Morelos,60,68.0,54,32930,2427,5633651,17,355,1318,ND,66,12,ND,124,ND,689769.0,52,2
2012,18,Nayarit,0,9769.0,5407,21782,5444,2156741,17,94,589,ND,6,0,ND,94,ND,411546.0,10,0
2012,19,Nuevo LeÃ³n,14571,1463.0,360,92101,ND,24742111,ND,ND,1072,ND,ND,12,ND,ND,ND,1654974.0,242,243
2012,20,Oaxaca,1291,12239.0,9543,122465,32698,2622137,18,377,8524,ND,14,6,ND,377,ND,1248472.0,30946,13
2012,21,Puebla,815,473.0,352,104979,4688,8135602,83,1702,3096,ND,79,5,ND,1682,ND,1822848.0,1365,25
2012,22,QuerÃ©taro,1769,278.0,239,28879,322,8580997,399,335,993,ND,252,7,ND,284,ND,624859.0,2,49
2012,23,Quintana Roo,ND,0.0,0,32224,672,7090619,ND,17,ND,ND,ND,ND,ND,17,ND,518683.0,0,ND
2012,24,San Luis PotosÃ­,1315,216.0,183,38220,1093,5521466,215,1189,2753,ND,47,14,ND,499,ND,841274.0,74,30
2012,25,Sinaloa,9603,22917.0,13898,35785,ND,6534479,672,ND,2204,ND,471,144,ND,ND,ND,960916.0,6354,261
2012,26,Sonora,4687,8408.0,7044,52713,5544,7986684,ND,226,842,ND,ND,34,ND,226,ND,858882.0,3699,63
2012,27,Tabasco,8395,0.0,0,ND,909,ND,423,512,1741,ND,167,40,ND,323,ND,650589.0,0,204
2012,28,Tamaulipas,14659,14074.0,8889,46551,ND,7519021,ND,106,963,ND,ND,67,ND,92,ND,1207366.0,917,ND
2012,29,Tlaxcala,0,78.0,71,10529,485,1088031,136,191,385,ND,98,0,ND,176,ND,354024.0,ND,0
2012,30,Veracruz de Ignacio de la Llave,6912,604.0,366,143209,65833,11469309,ND,1281,7563,ND,ND,13,ND,1229,ND,2466070.0,117,139
2012,31,YucatÃ¡n,3600,0.0,0,38131,997,5529799,489,4,ND,ND,801,3,ND,30,ND,689229.0,0,80
2012,32,Zacatecas,14,773.0,662,13575,1699,1641557,278,918,3833,ND,195,81,ND,1073,ND,547600.0,141,NS
2013,01,Aguascalientes,18,467.0,435,20349.0,358,4060976.0,203,422,1778,ND,235,1,ND,427,ND,422341.0,132,NS
2013,02,Baja California,12156,188.0,135,54613.0,6657,8630117.0,116,19,3648,ND,286,31,ND,27,ND,1149356.0,2084,212
2013,03,Baja California Sur,215,55.0,31,16117.0,158,2487750.0,61,22,1960,ND,211,19,ND,21,ND,256243.0,2,7
2013,04,Campeche,13,0.0,0,12522.0,739,1692153.0,186,25,1617,ND,414,1,ND,25,ND,273876.0,0,NS
2013,05,Coahuila de Zaragoza,2175,8225.0,5561,49931.0,362,9026114.0,657,130,937,ND,381,60,ND,30,ND,924418.0,982,66
2013,06,Colima,0,0.0,0,9064.0,321,2090774.0,632,96,210,ND,6,0,ND,93,ND,276781.0,270,0
2013,07,Chiapas,4500,36602.0,30148,54154.0,19434,3782583.0,77,1250,16189,ND,199,4,ND,1236,ND,1411725.0,52887,89
2013,08,Chihuahua,579,4491.0,ND,86349.0,505,12685450.0,ND,362,1246,ND,ND,7,ND,319,ND,1181069.0,592,10
2013,09,Ciudad de MÃ©xico,4419,3.0,ND,84866.0,540,24755261.0,668,ND,547,ND,592,39,ND,ND,ND,2936948.0,ND,94
2013,10,Durango,15,5903.0,3988,32887.0,9916,3362330.0,ND,60,1182,ND,ND,45,ND,7,ND,509091.0,746,NS
2013,11,Guanajuato,687,2423.0,1674,52789.0,691,10634772.0,661,290,4175,ND,423,36,ND,ND,ND,1817820.0,634,144
2013,12,Guerrero,3328,3098.0,2082,32682.0,10740,3261848.0,ND,ND,5236,ND,ND,12,ND,ND,ND,988304.0,5368,95
2013,13,Hidalgo,362,1743.0,1440,35873.0,6593,6515838.0,116,3430,3268,ND,53,23,ND,3671,ND,871431.0,1363,11
2013,14,Jalisco,13715,12220.0,11012,91725.0,30108,22677332.0,710,4,2745,ND,92,25,ND,19,ND,2626504.0,753,245
2013,15,MÃ©xico,22164,1662.0,ND,105927.0,221,26577281.0,1912,2669,4472,ND,1462,11,ND,792,ND,4050931.0,1662,ND
2013,16,MichoacÃ¡n de Ocampo,3025,14357.0,11566,33240.0,20463,5370685.0,75,12,3873,ND,52,5,ND,12,ND,1631802.0,1244,79
2013,17,Morelos,60,68.0,54,23597.0,2612,5375255.0,54,355,1349,ND,103,12,ND,124,ND,670667.0,52,1
2013,18,Nayarit,0,9769.0,5308,12297.0,5447,2588459.0,17,94,589,ND,6,0,ND,94,ND,428007.0,5062,0
2013,19,Nuevo LeÃ³n,14748,1463.0,1104,128158.0,431,26063677.0,ND,2901,1072,ND,ND,14,ND,52,ND,1699056.0,221,141
2013,20,Oaxaca,1641,12239.0,9543,24703.0,33693,2407641.0,72,398,8535,ND,58,7,ND,388,ND,1287380.0,30946,13
2013,21,Puebla,815,473.0,347,39606.0,4857,7467911.0,ND,1703,3096,ND,ND,5,ND,1683,ND,1867854.0,1798,26
2013,22,QuerÃ©taro,1769,278.0,239,31536.0,325,9263828.0,306,314,996,ND,214,7,ND,239,ND,653369.0,1,54
2013,23,Quintana Roo,ND,0.0,0,26578.0,ND,6977977.0,ND,17,ND,ND,ND,ND,ND,17,ND,545022.0,0,ND
2013,24,San Luis PotosÃ­,1315,216.0,183,39964.0,1261,6220312.0,263,1200,2630,ND,50,14,ND,512,ND,858800.0,74,30
2013,25,Sinaloa,9228,22974.0,8875,33609.0,ND,6575583.0,ND,ND,2071,ND,ND,143,ND,ND,ND,981885.0,9213,263
2013,26,Sonora,4687,8408.0,7044,48596.0,5544,7945174.0,ND,230,812,ND,ND,34,ND,230,ND,872393.0,4594,61
2013,27,Tabasco,8502,0.0,0,19913.0,922,3167386.0,430,515,1695,ND,158,41,ND,323,ND,695228.0,0,244
2013,28,Tamaulipas,14969,14074.0,8889,56246.0,ND,7377214.0,183,108,967,ND,255,65,ND,100,ND,1211625.0,1214,381
2013,29,Tlaxcala,0,78.0,71,8122.0,512,1063854.0,213,257,385,ND,160,0,ND,199,ND,363165.0,ND,0
2013,30,Veracruz de Ignacio de la Llave,7162,604.0,366,65772.0,65601,11539611.0,ND,1299,7648,ND,ND,15,ND,1247,ND,2545535.0,117,146
2013,31,YucatÃ¡n,4500,0.0,0,33227.0,1003,5533091.0,450,4,ND,ND,1032,4,ND,29,ND,718364.0,0,80
2013,32,Zacatecas,16,773.0,662,10036.0,1697,1600785.0,304,915,3810,ND,223,86,ND,1070,ND,546734.0,203,NS
2014,01,Aguascalientes,19,467.0,435,21379.0,245,4754582.0,ND,522,1783,ND,ND,1,ND,504,ND,433656.0,132,1
2014,02,Baja California,12156,177.0,171,51455.0,6719,9385690.0,ND,19,3659,ND,ND,31,ND,27,ND,1168513.0,6270,220
2014,03,Baja California Sur,211,68.0,39,13754.0,186,2669615.0,ND,23,1961,ND,ND,19,ND,22,ND,263646.0,3,7
2014,04,Campeche,13,0.0,0,13764.0,750,2182766.0,ND,25,1621,ND,ND,1,ND,25,ND,291664.0,0,NS
2014,05,Coahuila de Zaragoza,2175,8236.0,5563,52979.0,362,10433401.0,ND,130,937,ND,ND,60,ND,30,ND,947077.0,773,66
2014,06,Colima,0,0.0,0,11656.0,329,2582080.0,ND,95,211,ND,ND,0,ND,94,ND,283809.0,0,0
2014,07,Chiapas,4752,36602.0,30148,58922.0,19430,4285720.0,ND,1269,16209,ND,ND,4,ND,1257,ND,1455747.0,79179,83
2014,08,Chihuahua,440,4483.0,ND,61406.0,514,15867900.0,ND,371,1246,ND,ND,5,ND,326,ND,1195920.0,957,7
2014,09,Ciudad de MÃ©xico,5738,3.0,ND,104526.0,531,32396692.0,ND,ND,560,ND,ND,50,ND,ND,ND,2958764.0,ND,139
2014,10,Durango,220,5903.0,3988,32507.0,9961,3835013.0,ND,60,3672,ND,ND,66,ND,7,ND,514365.0,1022,5
2014,11,Guanajuato,ND,2423.0,1674,53742.0,706,11862900.0,ND,290,4177,ND,ND,ND,ND,ND,ND,1865870.0,829,ND
2014,12,Guerrero,3548,3087.0,2082,21983.0,12315,2735077.0,ND,ND,5238,ND,ND,12,ND,ND,ND,1038653.0,5562,100
2014,13,Hidalgo,362,1743.0,1440,36456.0,6605,7874100.0,ND,3433,2801,ND,ND,23,ND,3676,ND,889000.0,1792,13
2014,14,Jalisco,15408,12426.0,11012,93911.0,33787,25318031.0,ND,4,2738,ND,ND,43,ND,20,ND,2689218.0,1305,262
2014,15,MÃ©xico,22164,1514.0,ND,95409.0,223,27705640.0,ND,3797,4607,ND,ND,11,ND,745,ND,4256676.0,1514,ND
2014,16,MichoacÃ¡n de Ocampo,4025,14353.0,11561,28209.0,20463,5484250.0,ND,12,3426,ND,ND,6,ND,12,ND,1614684.0,400,127
2014,17,Morelos,102,68.0,54,19929.0,2608,5434732.0,ND,355,1349,ND,ND,14,ND,124,ND,698338.0,47,3
2014,18,Nayarit,0,9769.0,5308,13931.0,5446,2703851.0,ND,94,589,ND,ND,0,ND,94,ND,440340.0,5293,0
2014,19,Nuevo LeÃ³n,14748,1463.0,1366,124335.0,431,29822169.0,ND,2901,1072,ND,ND,14,ND,52,ND,1739450.0,185,164
2014,20,Oaxaca,901,14783.0,11011,14095.0,35771,1798572.0,ND,501,8552,ND,ND,5,ND,475,ND,1322034.0,30639,10
2014,21,Puebla,815,459.0,347,58415.0,3889,8835944.0,ND,1735,2857,ND,ND,5,ND,1715,ND,1927121.0,1706,25
2014,22,QuerÃ©taro,1602,278.0,241,35226.0,323,11707673.0,ND,311,998,ND,ND,5,ND,258,ND,685013.0,55,50
2014,23,Quintana Roo,5,0.0,0,34311.0,700,8118303.0,ND,17,ND,ND,ND,1,ND,17,ND,573173.0,0,NS
2014,24,San Luis PotosÃ­,1335,216.0,183,29941.0,1316,6718686.0,ND,1217,2646,ND,ND,15,ND,531,ND,879426.0,74,30
2014,25,Sinaloa,9364,22843.0,11099,35769.0,910,7627914.0,ND,538,2203,ND,ND,143,ND,516,ND,991424.0,7054,263
2014,26,Sonora,5515,8392.0,7775,48752.0,5632,9387354.0,ND,230,821,ND,ND,22,ND,230,ND,884345.0,5044,88
2014,27,Tabasco,8502,0.0,0,18387.0,931,3920589.0,ND,526,1714,ND,ND,41,ND,326,ND,717984.0,0,250
2014,28,Tamaulipas,15215,13334.0,6902,57212.0,ND,8730801.0,ND,102,963,ND,ND,63,ND,92,ND,1207194.0,2477,393
2014,29,Tlaxcala,0,78.0,71,9853.0,523,1252008.0,ND,ND,405,ND,ND,0,ND,ND,ND,373893.0,ND,0
2014,30,Veracruz de Ignacio de la Llave,7162,604.0,366,56411.0,65603,12515192.0,ND,1414,7688,ND,ND,15,ND,1350,ND,2606369.0,113,146
2014,31,YucatÃ¡n,4500,0.0,0,32678.0,995,5922021.0,ND,4,ND,ND,ND,4,ND,26,ND,737967.0,0,80
2014,32,Zacatecas,17,756.0,615,9981.0,1705,1669855.0,ND,917,3833,ND,ND,92,ND,1072,ND,559084.0,272,NS
